id;$doctype;_rev;address;amount;areas/0;areas/1;areas/2;composition;counter;createdAt;datasetId;hashtags;isIncluded;location/latitude;location/longitude;name;origin;status;team;updatedAt;glass;ceramic/bricks;other;plastic;metal;biological/paper/wood;textiles/shoes/carpets;rubber/tyres;electronics;toxic/chemicals;car parts/vehicles;household;non-household;construction and demolition
060ac4cc-bd94-407e-b087-0742ff1e18c5;trashpoint;2-1b31e310c2c13e5608b560eedd747a57;Polinyà de Xúquer, Camí Racó;bagful;ES;;;,toxic/chemicals,electronics,rubber/tyres,textiles/shoes/carpets,biological/paper/wood,metal,plastic,ceramic/bricks,glass;1;12.09.2018 20:50;08766c29-29a2-4919-918b-cc77f64cbb73;;FALSE;39.2011167;-0.3561547;Polinyà de Xúquer, Camí Racó;household;regular;;12.09.2018 20:50;TRUE;TRUE;TRUE;TRUE;TRUE;TRUE;TRUE;TRUE;TRUE;TRUE;FALSE;TRUE;FALSE;FALSE
88894f8e-e051-4984-9ffa-edc5eb3b9835;trashpoint;2-cfb7a30c58c14984b5b3525252a18415;București, Strada Logofătul Tăutu, 99;cartload;RO;RO.BI;;,biological/paper/wood,metal,plastic,glass;1;12.09.2018 21:23;08766c29-29a2-4919-918b-cc77f64cbb73;;FALSE;44.4182418;26.1165047;București, Strada Logofătul Tăutu, 99;;regular;;12.09.2018 21:24;TRUE;FALSE;FALSE;TRUE;TRUE;TRUE;FALSE;FALSE;FALSE;FALSE;FALSE;FALSE;FALSE;FALSE
d7e594de-e655-4a2e-94ef-eedb2a3e3fd0;trashpoint;2-21eb6a383f96f18728cbeb512b1e4d5d;, R. Brasílio Itiberê, 1999;handful;BR;;;,textiles/shoes/carpets,metal,plastic,glass;1;12.09.2018 22:45;08766c29-29a2-4919-918b-cc77f64cbb73;;FALSE;-25.4449213021;-49.2640501633;, R. Brasílio Itiberê, 1999;household;regular;;12.09.2018 22:45;TRUE;FALSE;FALSE;TRUE;TRUE;FALSE;TRUE;FALSE;FALSE;FALSE;FALSE;TRUE;FALSE;FALSE
28086cde-9565-4fc7-9512-7ab4a71eab01;trashpoint;2-31fe1418c9e20e86c3bfbb920b6f674c;Béccar, Padre Acevedo, 2376;cartload;AR;;;,other,electronics,metal,plastic,glass;1;12.09.2018 23:27;08766c29-29a2-4919-918b-cc77f64cbb73;;FALSE;-34.4681134;-58.5547009;Béccar, Padre Acevedo, 2376;construction and demolition;regular;;12.09.2018 23:27;TRUE;FALSE;FALSE;TRUE;TRUE;FALSE;FALSE;FALSE;TRUE;FALSE;FALSE;FALSE;FALSE;TRUE
8e19ffb2-50de-41a3-8443-7ac3a7231c56;trashpoint;2-9697fb7a09f6e5f874962fdf669f449d;Santo Domingo, Calle 14;cartload;DO;;;,metal,plastic,ceramic/bricks;1;13.09.2018 00:37;08766c29-29a2-4919-918b-cc77f64cbb73;;FALSE;18.5104762763;-69.9437540118;Santo Domingo, Calle 14;household,construction and demolition,;regular;;13.09.2018 00:37;FALSE;TRUE;TRUE;TRUE;TRUE;FALSE;FALSE;FALSE;FALSE;FALSE;FALSE;TRUE;FALSE;TRUE
1fc12549-9336-4e9d-b606-dd08ced35193;trashpoint;2-5f3cdc561bc6bc92fdf140fc8cca6393;, R. Parque Iracema, 150;handful;BR;;;,plastic;1;13.09.2018 00:50;08766c29-29a2-4919-918b-cc77f64cbb73;;FALSE;-29.7646519;-50.0247073569;, R. Parque Iracema, 150;household;regular;;13.09.2018 00:50;FALSE;FALSE;FALSE;TRUE;FALSE;FALSE;FALSE;FALSE;FALSE;FALSE;FALSE;TRUE;FALSE;FALSE
bc53c573-aea1-403b-b11e-c1cfae1ea9cb;trashpoint;2-c4c97e2ddee6d917cacceb267f140113;, R. Araci, 84;handful;BR;;;,plastic;1;13.09.2018 00:53;08766c29-29a2-4919-918b-cc77f64cbb73;;FALSE;-29.7671213897;-50.025693148;, R. Araci, 84;household;regular;;13.09.2018 00:53;FALSE;FALSE;FALSE;TRUE;FALSE;FALSE;FALSE;FALSE;FALSE;FALSE;FALSE;TRUE;FALSE;FALSE
3492e9e1-4422-4124-ab77-105b358890d4;trashpoint;2-8bb310648ab58f8332decb08f8376c91;Kuching, Unnamed Road;handful;;;;,electronics;1;13.09.2018 04:48;08766c29-29a2-4919-918b-cc77f64cbb73;;FALSE;1.5612661;110.3394841;Kuching, Unnamed Road;non-household;regular;;13.09.2018 04:48;FALSE;FALSE;FALSE;FALSE;FALSE;FALSE;FALSE;FALSE;TRUE;FALSE;FALSE;TRUE;TRUE;FALSE
202b1b05-5da2-4170-8cbc-793447cfb94e;trashpoint;2-ef99cbb9394611ffe79e201bd39d66c6;ညောင်ရွှေ, Shwenyaung - Nyaungshwe Rd;bagful;MM;;;,other,biological/paper/wood,plastic;1;13.09.2018 06:35;08766c29-29a2-4919-918b-cc77f64cbb73;;FALSE;20.6634201575;96.9308775478;ညောင်ရွှေ, Shwenyaung - Nyaungshwe Rd;;regular;;13.09.2018 06:35;FALSE;FALSE;FALSE;TRUE;FALSE;TRUE;FALSE;FALSE;FALSE;FALSE;FALSE;FALSE;FALSE;FALSE
2cf8d159-901b-4052-976c-58848077ae58;trashpoint;2-557e91edcdb6e92e4bacb2535139cf8c;Nyaungshwe, Unnamed Road;bagful;MM;;;,other,biological/paper/wood,plastic;1;13.09.2018 06:36;08766c29-29a2-4919-918b-cc77f64cbb73;;FALSE;20.6652895315;96.9288785477;Nyaungshwe, Unnamed Road;;regular;;13.09.2018 06:36;FALSE;FALSE;FALSE;TRUE;FALSE;TRUE;FALSE;FALSE;FALSE;FALSE;FALSE;FALSE;FALSE;FALSE
df2dbf6d-8380-4cdf-81b3-27b98b944b96;trashpoint;2-c5c5db6d56f1abcce92362a9ad2a31c6;Nyaungshwe;bagful;MM;;;,other,biological/paper/wood,plastic;1;13.09.2018 06:44;08766c29-29a2-4919-918b-cc77f64cbb73;;FALSE;20.6577986901;96.9247998232;Nyaungshwe;household;regular;;13.09.2018 06:44;FALSE;FALSE;FALSE;TRUE;FALSE;TRUE;FALSE;FALSE;FALSE;FALSE;FALSE;TRUE;FALSE;FALSE
709b6d0a-28c0-48f7-966d-ecf972b579a2;trashpoint;2-e9a567926a65f08ec57e5d402bddf777;Nyaungshwe, Aung Mingalar St;truckload;MM;;;,other,biological/paper/wood,plastic;1;13.09.2018 06:49;08766c29-29a2-4919-918b-cc77f64cbb73;;FALSE;20.6583983917;96.9296307397;Nyaungshwe, Aung Mingalar St;non-household;regular;;13.09.2018 06:49;FALSE;FALSE;FALSE;TRUE;FALSE;TRUE;FALSE;FALSE;FALSE;FALSE;FALSE;TRUE;TRUE;FALSE
0fa219c7-669f-432b-8973-461905c73027;trashpoint;2-f3554d8b4a3ba5f9cda01ff2f9be7ed6;Tallinn, Rannamõisa tee, 6e;handful;EE;EE.HA;;,plastic;1;13.09.2018 07:14;08766c29-29a2-4919-918b-cc77f64cbb73;;FALSE;59.4272029608;24.6401861121;Tallinn, Rannamõisa tee, 6e;household;regular;;13.09.2018 07:14;FALSE;FALSE;FALSE;TRUE;FALSE;FALSE;FALSE;FALSE;FALSE;FALSE;FALSE;TRUE;FALSE;FALSE
9f212bf5-6f9d-4370-aa47-878b1cefdc11;trashpoint;2-672eaaaafbf46dadf410485d89d00230;Tallinn, Kaeravälja, 9;handful;EE;EE.HA;;,plastic;1;13.09.2018 07:16;08766c29-29a2-4919-918b-cc77f64cbb73;;FALSE;59.427598018;24.6404909749;Tallinn, Kaeravälja, 9;household;regular;;13.09.2018 07:16;FALSE;FALSE;FALSE;TRUE;FALSE;FALSE;FALSE;FALSE;FALSE;FALSE;FALSE;TRUE;FALSE;FALSE
810d0475-d4ae-4653-b7bc-d1223ddb0a3a;trashpoint;2-f15c5463e0d8e113ea8056ae7fde3606;Timișoara, Calea Torontalului, 25A;handful;RO;RO.TM;;,electronics,textiles/shoes/carpets,plastic,glass;1;13.09.2018 07:44;08766c29-29a2-4919-918b-cc77f64cbb73;;FALSE;45.7692972;21.2185183;Timișoara, Calea Torontalului, 25A;household,construction and demolition,;regular;;13.09.2018 07:44;TRUE;FALSE;FALSE;TRUE;FALSE;FALSE;TRUE;FALSE;TRUE;FALSE;FALSE;TRUE;FALSE;TRUE
e4dc5833-aa6d-4666-afe6-24b362c424a3;trashpoint;2-606dda96f25cb3f5f6eba80e8e00362f;, Unnamed Road;bagful;ID;;;,plastic;1;13.09.2018 07:46;08766c29-29a2-4919-918b-cc77f64cbb73;;FALSE;-2.0566096;99.580388;, Unnamed Road;household;regular;;13.09.2018 07:46;FALSE;FALSE;FALSE;TRUE;FALSE;FALSE;FALSE;FALSE;FALSE;FALSE;FALSE;TRUE;FALSE;FALSE
128003eb-cf5f-4e60-a62e-6000e017b75f;trashpoint;2-d10b44dbca8e6ae29f426dfd46983a6e;București, Calea Văcărești;bagful;RO;RO.BI;;,rubber/tyres,textiles/shoes/carpets,plastic,ceramic/bricks;1;13.09.2018 08:21;08766c29-29a2-4919-918b-cc77f64cbb73;;FALSE;44.3949015287;26.1204673501;București, Calea Văcărești;household,construction and demolition,;regular;;13.09.2018 08:21;FALSE;TRUE;TRUE;TRUE;FALSE;FALSE;TRUE;TRUE;FALSE;FALSE;FALSE;TRUE;FALSE;TRUE
ad9b3630-04ca-4553-affb-790be4aba91b;trashpoint;2-e67a68bc7e2879fa511f23af60b4ef9e;Giurgiu, Bulevardul București;handful;RO;RO.GR;;,metal,plastic,glass;1;13.09.2018 08:59;08766c29-29a2-4919-918b-cc77f64cbb73;;FALSE;43.900771287;25.9692437786;Giurgiu, Bulevardul București;;regular;;13.09.2018 08:59;TRUE;FALSE;FALSE;TRUE;TRUE;FALSE;FALSE;FALSE;FALSE;FALSE;FALSE;FALSE;FALSE;FALSE
5a84d5ce-69f8-43d4-8c4c-85d75381eca3;trashpoint;3-8d9863500695fb3bab50f7f0398d42a2;Dnipropetrovs'k, проїзд Героїв, 23;cartload;UA;;;,textiles/shoes/carpets;1;13.09.2018 09:16;08766c29-29a2-4919-918b-cc77f64cbb73;#Poe;TRUE;48.410733682;35.0677991286;Dnipropetrovs'k, проїзд Героїв, 23;construction and demolition;threat;;13.09.2018 13:59;FALSE;FALSE;FALSE;FALSE;FALSE;FALSE;TRUE;FALSE;FALSE;FALSE;FALSE;FALSE;FALSE;TRUE
ec44e0ef-b2dc-46a2-831b-5d377f477e1d;trashpoint;2-8205e40bf3d2dd23c80915266686500a;Dnipropetrovs'k, Heroiv Ave;bagful;UA;;;,ceramic/bricks;1;13.09.2018 09:19;08766c29-29a2-4919-918b-cc77f64cbb73;;FALSE;48.4140043738;35.0631163057;Dnipropetrovs'k, Heroiv Ave;;threat;;13.09.2018 09:19;FALSE;TRUE;TRUE;FALSE;FALSE;FALSE;FALSE;FALSE;FALSE;FALSE;FALSE;FALSE;FALSE;FALSE
806fbe3f-bac8-4d4a-ab81-87149e8017db;trashpoint;2-d8a4a09277afa32f53d80b23836a63d2;Giurgiu, Strada Vlad Țepeș, 116;handful;RO;RO.GR;;,metal,plastic,glass;1;13.09.2018 09:24;08766c29-29a2-4919-918b-cc77f64cbb73;;FALSE;43.8982522685;25.97481086;Giurgiu, Strada Vlad Țepeș, 116;;regular;;13.09.2018 09:24;TRUE;FALSE;FALSE;TRUE;TRUE;FALSE;FALSE;FALSE;FALSE;FALSE;FALSE;FALSE;FALSE;FALSE
8b26e14f-13ce-45c2-954e-7856ffddd778;trashpoint;2-1c1281cac1f60f7a423472dd95790be3;Sânpetru, Strada Morii;handful;RO;RO.BV;;,textiles/shoes/carpets,biological/paper/wood,plastic,ceramic/bricks,glass;1;13.09.2018 09:54;08766c29-29a2-4919-918b-cc77f64cbb73;;FALSE;45.7188382925;25.6225264817;Sânpetru, Strada Morii;household,construction and demolition,;threat;;13.09.2018 09:54;TRUE;TRUE;TRUE;TRUE;FALSE;TRUE;TRUE;FALSE;FALSE;FALSE;FALSE;TRUE;FALSE;TRUE
b891543e-62a0-40c8-82d5-6c8e2f1242e9;trashpoint;2-362f389f37c03e9a812f48ca7189628f;, Unnamed Road;handful;RO;RO.VN;;,textiles/shoes/carpets,plastic;1;13.09.2018 10:41;08766c29-29a2-4919-918b-cc77f64cbb73;;FALSE;45.6539163;27.1239582;, Unnamed Road;household;regular;;13.09.2018 10:41;FALSE;FALSE;FALSE;TRUE;FALSE;FALSE;TRUE;FALSE;FALSE;FALSE;FALSE;TRUE;FALSE;FALSE
bf2a6ee5-3c36-4e34-ac5b-23a171391777;trashpoint;2-c8917972fa1cb96834d39f88f1f1c2f9;Ogrezeni, DJ412A;handful;RO;RO.GR;;,other,car parts/vehicles,electronics,textiles/shoes/carpets,biological/paper/wood,plastic,glass;1;13.09.2018 10:47;08766c29-29a2-4919-918b-cc77f64cbb73;;FALSE;44.4208156;25.7469486;Ogrezeni, DJ412A;;regular;;13.09.2018 10:47;TRUE;FALSE;FALSE;TRUE;FALSE;TRUE;TRUE;FALSE;TRUE;FALSE;TRUE;FALSE;FALSE;FALSE
223d02b9-721e-41da-91f6-218e0be402fb;trashpoint;2-d426955980f3e07f4c4d20261c4de268;Golești, DJ205C, 101;handful;RO;RO.VN;;,plastic;1;13.09.2018 10:47;08766c29-29a2-4919-918b-cc77f64cbb73;;FALSE;45.6605024;27.1448111;Golești, DJ205C, 101;non-household;regular;;13.09.2018 10:47;FALSE;FALSE;FALSE;TRUE;FALSE;FALSE;FALSE;FALSE;FALSE;FALSE;FALSE;TRUE;TRUE;FALSE
6d9ee3de-704a-4ca4-9c9d-678c8a301c18;trashpoint;2-2316ba844039872ac451c077f7f3f9c5;București, Strada Anton Bacalbasa;bagful;RO;RO.BI;;,metal,plastic;1;13.09.2018 10:50;08766c29-29a2-4919-918b-cc77f64cbb73;;FALSE;44.3852948458;26.1378904521;București, Strada Anton Bacalbasa;household;regular;;13.09.2018 10:50;FALSE;FALSE;FALSE;TRUE;TRUE;FALSE;FALSE;FALSE;FALSE;FALSE;FALSE;TRUE;FALSE;FALSE
6c9deb4d-2d11-4a08-a743-25de4c69a546;trashpoint;2-5d10070e836295ee6c5579fdc21454ed;, E85;handful;RO;RO.VN;;,plastic;1;13.09.2018 10:58;08766c29-29a2-4919-918b-cc77f64cbb73;;FALSE;45.6512103;27.1501333;, E85;household;regular;;13.09.2018 10:58;FALSE;FALSE;FALSE;TRUE;FALSE;FALSE;FALSE;FALSE;FALSE;FALSE;FALSE;TRUE;FALSE;FALSE
f637642e-5800-457c-b8b8-178f7e7f0abd;trashpoint;2-9c80e72002b0e1bf6726e1ee47efe5d6;Timișoara, Strada Romulus, 60;bagful;RO;RO.TM;;,plastic;1;13.09.2018 11:10;08766c29-29a2-4919-918b-cc77f64cbb73;;FALSE;45.7416402;21.2163139;Timișoara, Strada Romulus, 60;household;regular;;13.09.2018 11:10;FALSE;FALSE;FALSE;TRUE;FALSE;FALSE;FALSE;FALSE;FALSE;FALSE;FALSE;TRUE;FALSE;FALSE
dbf27a5c-9d61-43a2-9b19-69a24940afa2;trashpoint;2-5ea89778d023c4cb6993a13e5358749d;Popești-Leordeni, Strada Leordeni, 94;cartload;RO;RO.IF;;,other,textiles/shoes/carpets;1;13.09.2018 11:14;08766c29-29a2-4919-918b-cc77f64cbb73;;FALSE;44.3800603564;26.1875344672;Popești-Leordeni, Strada Leordeni, 94;household;regular;;13.09.2018 11:14;FALSE;FALSE;FALSE;FALSE;FALSE;FALSE;TRUE;FALSE;FALSE;FALSE;FALSE;TRUE;FALSE;FALSE
6afc827e-ef7a-4ff7-baae-c71f27e45aef;trashpoint;2-1715886d54db2c6c5e05e2958cecd78b;Marbella;bagful;ES;;;,other,textiles/shoes/carpets,biological/paper/wood,metal,plastic;1;13.09.2018 11:21;08766c29-29a2-4919-918b-cc77f64cbb73;;FALSE;36.5004564;-4.937139;Marbella;construction and demolition;regular;;13.09.2018 11:21;FALSE;FALSE;FALSE;TRUE;TRUE;TRUE;TRUE;FALSE;FALSE;FALSE;FALSE;FALSE;FALSE;TRUE
60420744-1c16-4d32-a7eb-44975f0a7f65;trashpoint;2-155fad43c0dc56f9f5efd8f2ec7df91f;Popești-Leordeni, DJ503;bagful;RO;RO.IF;;,biological/paper/wood,plastic;1;13.09.2018 11:50;08766c29-29a2-4919-918b-cc77f64cbb73;;FALSE;44.3609078734;26.2016367023;Popești-Leordeni, DJ503;construction and demolition;regular;;13.09.2018 11:50;FALSE;FALSE;FALSE;TRUE;FALSE;TRUE;FALSE;FALSE;FALSE;FALSE;FALSE;FALSE;FALSE;TRUE
8ba5f00a-25bd-436c-a670-235e225a9d17;trashpoint;2-ad21e1a2c28651ce66ce90ce84310eb5;Kuching, Jalan Batu Kawa, CB109;handful;MY;;;,biological/paper/wood;1;13.09.2018 12:34;08766c29-29a2-4919-918b-cc77f64cbb73;;FALSE;1.5132276;110.3069801;Kuching, Jalan Batu Kawa, CB109;household;regular;;13.09.2018 12:34;FALSE;FALSE;FALSE;FALSE;FALSE;TRUE;FALSE;FALSE;FALSE;FALSE;FALSE;TRUE;FALSE;FALSE
4f16ac1e-b2d4-4097-91c8-ec80552f77c8;trashpoint;5-de447f3e9c098dccc6250eec82089926;, Jl. Tjilik Riwut;handful;ID;;;,plastic;1;13.09.2018 12:42;08766c29-29a2-4919-918b-cc77f64cbb73;;FALSE;-2.1705772;113.8692232;, Jl. Tjilik Riwut;;cleaned;;13.09.2018 12:44;FALSE;FALSE;FALSE;TRUE;FALSE;FALSE;FALSE;FALSE;FALSE;FALSE;FALSE;FALSE;FALSE;FALSE
9231574e-140a-4746-9495-f9b2f14e3669;trashpoint;2-c5e4e214d7c90ec81412fc1fadae0166;Ghiroda, Strada Făgăraş, 87;handful;RO;RO.TM;;,biological/paper/wood,plastic;1;13.09.2018 12:52;08766c29-29a2-4919-918b-cc77f64cbb73;;FALSE;45.7752069;21.3003261;Ghiroda, Strada Făgăraş, 87;household,non-household,;regular;;13.09.2018 12:52;FALSE;FALSE;FALSE;TRUE;FALSE;TRUE;FALSE;FALSE;FALSE;FALSE;FALSE;TRUE;TRUE;FALSE
4bb1c0cd-49e3-4bd0-b3d6-457288830d4a;trashpoint;2-0641c04a5e7a858c6df185ec00a946e0;Timișoara, Calea Lugojului;handful;RO;RO.TM;;,plastic;1;13.09.2018 12:54;08766c29-29a2-4919-918b-cc77f64cbb73;;FALSE;45.7753643;21.2999859;Timișoara, Calea Lugojului;household;regular;;13.09.2018 12:54;FALSE;FALSE;FALSE;TRUE;FALSE;FALSE;FALSE;FALSE;FALSE;FALSE;FALSE;TRUE;FALSE;FALSE
e76be7be-2ece-4d53-92ca-1f23dc372fe3;trashpoint;6-542926e0eee2271c89c6a9502ca9a67a;Dnipropetrovs'k, Heroiv Krut St, 1;truckload;UA;;;,other,car parts/vehicles,toxic/chemicals,electronics,rubber/tyres,biological/paper/wood;1;13.09.2018 13:02;08766c29-29a2-4919-918b-cc77f64cbb73;#Other;TRUE;48.4534918959;35.0676941872;Dnipropetrovs'k, Heroiv Krut St, 1;household,non-household,;regular;None;13.09.2018 13:59;FALSE;FALSE;FALSE;FALSE;FALSE;TRUE;FALSE;TRUE;TRUE;TRUE;TRUE;TRUE;TRUE;FALSE
4e7d0a77-e621-4416-bf15-43228f03cdeb;trashpoint;3-cfd76c3edf392b59249c698eb7783dba;Dnipropetrovs'k, Dmytra Yavornytskoho Avenue, 12;bagful;UA;;;,biological/paper/wood;1;13.09.2018 13:15;08766c29-29a2-4919-918b-cc77f64cbb73;#Mmmm;FALSE;48.453857017;35.067743808;Dnipropetrovs'k, Dmytra Yavornytskoho Avenue, 12;;cleaned;None;13.09.2018 13:16;FALSE;FALSE;FALSE;FALSE;FALSE;TRUE;FALSE;FALSE;FALSE;FALSE;FALSE;FALSE;FALSE;FALSE
6bb14b3c-8f38-4af4-81af-54c4c407af62;trashpoint;2-11266acffdbcc554d1f861c5880b5284;Santa Severa, Lungomare Pyrgi, 1;cartload;;;;,other,metal,plastic,glass;1;13.09.2018 13:16;08766c29-29a2-4919-918b-cc77f64cbb73;;FALSE;42.019377;11.9531608;Santa Severa, Lungomare Pyrgi, 1;household;regular;;13.09.2018 13:16;TRUE;FALSE;FALSE;TRUE;TRUE;FALSE;FALSE;FALSE;FALSE;FALSE;FALSE;TRUE;FALSE;FALSE
7f7ab597-19f9-4aa8-a28a-63a29dbf5bc8;trashpoint;3-f8595f68369d4539e8ad9f3ff7fd5b74;Dnipropetrovs'k, Dmytra Yavornytskoho Avenue, 12;bagful;UA;;;,ceramic/bricks;1;13.09.2018 13:19;08766c29-29a2-4919-918b-cc77f64cbb73;;FALSE;48.4539877662;35.0671222061;Dnipropetrovs'k, Dmytra Yavornytskoho Avenue, 12;non-household;cleaned;None;13.09.2018 13:19;FALSE;TRUE;TRUE;FALSE;FALSE;FALSE;FALSE;FALSE;FALSE;FALSE;FALSE;TRUE;TRUE;FALSE
cb28604f-d853-4791-a76d-c23771fe5a33;trashpoint;4-0e4346b2bcbe09ecdbeeb1305afe2520;Dnipropetrovs'k, Dmytra Yavornytskoho Avenue;truckload;UA;;;,toxic/chemicals,textiles/shoes/carpets,biological/paper/wood,plastic,ceramic/bricks;1;13.09.2018 13:21;08766c29-29a2-4919-918b-cc77f64cbb73;;FALSE;48.452719396;35.0692113116;Dnipropetrovs'k, Dmytra Yavornytskoho Avenue;household;cleaned;3b61c81a-2b8e-11e8-b467-0ed5f89f719nf;13.09.2018 13:22;FALSE;TRUE;TRUE;TRUE;FALSE;TRUE;TRUE;FALSE;FALSE;TRUE;FALSE;TRUE;FALSE;FALSE
310039f9-a09e-44e4-bb23-325172e6992e;trashpoint;2-2a0efe3dea0055628761cd59a2eef9e9;Seuilly, Chemin de Vrilly, 2;bagful;FR;;;,plastic;1;13.09.2018 13:24;08766c29-29a2-4919-918b-cc77f64cbb73;;FALSE;47.1289648948;0.183882527053;Seuilly, Chemin de Vrilly, 2;;regular;;13.09.2018 13:24;FALSE;FALSE;FALSE;TRUE;FALSE;FALSE;FALSE;FALSE;FALSE;FALSE;FALSE;FALSE;FALSE;FALSE
4cf93a9d-291f-4c23-9cd0-08dd8a78af77;trashpoint;3-0ef1e6669f33e4a6089362c69ecfe800;Dnipropetrovs'k, Dmytra Yavornytskoho Avenue, 11;cartload;UA;;;,biological/paper/wood;1;13.09.2018 13:25;08766c29-29a2-4919-918b-cc77f64cbb73;;TRUE;48.4531792;35.0671684;Dnipropetrovs'k, Dmytra Yavornytskoho Avenue, 11;;threat;None;13.09.2018 13:59;FALSE;FALSE;FALSE;FALSE;FALSE;TRUE;FALSE;FALSE;FALSE;FALSE;FALSE;FALSE;FALSE;FALSE
f85d167f-277c-44cd-b7e4-21e214174c05;trashpoint;2-7947ea45ae78d3bf7112ba4088c8aabe;Pantelimon, DJ503;cartload;RO;RO.IF;;,other,textiles/shoes/carpets,plastic;1;13.09.2018 13:28;08766c29-29a2-4919-918b-cc77f64cbb73;;FALSE;44.4560938296;26.286976338;Pantelimon, DJ503;household;regular;;13.09.2018 13:28;FALSE;FALSE;FALSE;TRUE;FALSE;FALSE;TRUE;FALSE;FALSE;FALSE;FALSE;TRUE;FALSE;FALSE
67f6d651-2265-4734-9eb9-f69b067d9f07;trashpoint;2-49f0e67163180a201b2061a58aedd6f0;Pantelimon;cartload;RO;RO.IF;;,other,textiles/shoes/carpets,metal,plastic;1;13.09.2018 13:32;08766c29-29a2-4919-918b-cc77f64cbb73;;FALSE;44.4562204776;26.2893405766;Pantelimon;household;regular;;13.09.2018 13:34;FALSE;FALSE;FALSE;TRUE;TRUE;FALSE;TRUE;FALSE;FALSE;FALSE;FALSE;TRUE;FALSE;FALSE
9e901882-7781-4b93-9bf5-b834c568a157;trashpoint;2-9090c20874037b4107bc9b35b6e72792;Hobaia, DJ412A;bagful;RO;RO.GR;;,textiles/shoes/carpets,plastic,glass;1;13.09.2018 13:38;08766c29-29a2-4919-918b-cc77f64cbb73;;FALSE;44.3949846;25.7820254;Hobaia, DJ412A;household;regular;;13.09.2018 13:38;TRUE;FALSE;FALSE;TRUE;FALSE;FALSE;TRUE;FALSE;FALSE;FALSE;FALSE;TRUE;FALSE;FALSE
6e5a5071-9d6c-4358-9062-066b5e41161e;trashpoint;2-5d3c31c5c576d931b675b75caaaaaaa0;Ogrezeni, Unnamed Road;bagful;RO;RO.GR;;,textiles/shoes/carpets,biological/paper/wood,plastic,glass;1;13.09.2018 13:43;08766c29-29a2-4919-918b-cc77f64cbb73;;FALSE;44.4166587;25.7936249;Ogrezeni, Unnamed Road;household;regular;;13.09.2018 13:43;TRUE;FALSE;FALSE;TRUE;FALSE;TRUE;TRUE;FALSE;FALSE;FALSE;FALSE;TRUE;FALSE;FALSE
fb3a9a1c-221e-4383-afe5-7747bc339801;trashpoint;2-f0fe2c4b40f26139137c462c5a86f1c9;Dnipropetrovs'k, Dmytra Yavornytskoho Avenue, 5;handful;UA;;;,other;1;13.09.2018 13:57;08766c29-29a2-4919-918b-cc77f64cbb73;;FALSE;48.4518935;35.0688416;Dnipropetrovs'k, Dmytra Yavornytskoho Avenue, 5;;regular;None;13.09.2018 13:57;FALSE;FALSE;FALSE;FALSE;FALSE;FALSE;FALSE;FALSE;FALSE;FALSE;FALSE;FALSE;FALSE;FALSE
9e3612f0-d537-4b91-8e15-d0beef759667;trashpoint;2-1decfe7290c11ddd38b6009c54d9fc69;Ogrezeni, Strada Drăgăneşti;bagful;RO;RO.GR;;,textiles/shoes/carpets,biological/paper/wood,metal,plastic,glass;1;13.09.2018 13:57;08766c29-29a2-4919-918b-cc77f64cbb73;;FALSE;44.4252145;25.779294;Ogrezeni, Strada Drăgăneşti;household;regular;;13.09.2018 13:57;TRUE;FALSE;FALSE;TRUE;TRUE;TRUE;TRUE;FALSE;FALSE;FALSE;FALSE;TRUE;FALSE;FALSE
e4ea8f3c-ac50-476a-9e10-d89d9aeb64c9;trashpoint;2-ff1456716ae06fbaeaaa06aebc60f59a;Lille, Rue Jean Zay, 148;bagful;FR;;;,textiles/shoes/carpets,biological/paper/wood,plastic;1;13.09.2018 13:59;08766c29-29a2-4919-918b-cc77f64cbb73;;FALSE;50.6176247;3.0762399;Lille, Rue Jean Zay, 148;household;regular;;13.09.2018 13:59;FALSE;FALSE;FALSE;TRUE;FALSE;TRUE;TRUE;FALSE;FALSE;FALSE;FALSE;TRUE;FALSE;FALSE
0080ac8f-d90d-4d69-8030-aae72e0e129e;trashpoint;2-1d1130f8d1181b19e416aa86d18da3f2;Bengaluru;bagful;IN;;;,metal,plastic,glass;1;13.09.2018 14:04;08766c29-29a2-4919-918b-cc77f64cbb73;;FALSE;13.0605796;77.5837932;Bengaluru;household;regular;;13.09.2018 14:04;TRUE;FALSE;FALSE;TRUE;TRUE;FALSE;FALSE;FALSE;FALSE;FALSE;FALSE;TRUE;FALSE;FALSE
393149d3-c877-4d38-97b0-b318774e8d56;trashpoint;2-bfb7ef825ee44027a3a447ab1503856a;ঢাকা, Rd No 13B, 155;cartload;BD;;;,biological/paper/wood,plastic,glass;1;13.09.2018 14:08;08766c29-29a2-4919-918b-cc77f64cbb73;;FALSE;23.7906403793;90.4069812131;ঢাকা, Rd No 13B, 155;household;threat;;13.09.2018 14:08;TRUE;FALSE;FALSE;TRUE;FALSE;TRUE;FALSE;FALSE;FALSE;FALSE;FALSE;TRUE;FALSE;FALSE
8432cb0c-1401-4ddc-a8d0-92ae59993fee;trashpoint;2-1fada53732bcadadeea89702be8c23ad;Augusta, Via B. Buozzi, 6;handful;IT;;;,other,biological/paper/wood,plastic;1;13.09.2018 14:09;08766c29-29a2-4919-918b-cc77f64cbb73;;FALSE;37.2472664762;15.2253454282;Augusta, Via B. Buozzi, 6;;regular;;13.09.2018 14:09;FALSE;FALSE;FALSE;TRUE;FALSE;TRUE;FALSE;FALSE;FALSE;FALSE;FALSE;FALSE;FALSE;FALSE
6e44c0bd-e0e3-4b82-9397-da633c16f5a4;trashpoint;2-3916cf3741c3a79694cce17a7c9f7ac8;Augusta, Via Giacomo Matteotti;handful;IT;;;,biological/paper/wood,metal,plastic,glass;1;13.09.2018 14:11;08766c29-29a2-4919-918b-cc77f64cbb73;;FALSE;37.245750989;15.2267209719;Augusta, Via Giacomo Matteotti;;regular;;13.09.2018 14:11;TRUE;FALSE;FALSE;TRUE;TRUE;TRUE;FALSE;FALSE;FALSE;FALSE;FALSE;FALSE;FALSE;FALSE
aa001400-16ce-43e8-b5f1-edecb114b56d;trashpoint;2-a7dd5ca4a0c32464612e7d5e1626d517;Brănești, Strada Crăiţei;cartload;RO;RO.IF;;,textiles/shoes/carpets,metal,plastic;1;13.09.2018 14:24;08766c29-29a2-4919-918b-cc77f64cbb73;;FALSE;44.4447353524;26.3461635734;Brănești, Strada Crăiţei;household;regular;;13.09.2018 14:24;FALSE;FALSE;FALSE;TRUE;TRUE;FALSE;TRUE;FALSE;FALSE;FALSE;FALSE;TRUE;FALSE;FALSE
c71bff98-d9da-437d-8ecf-915e919a99dd;trashpoint;2-218d90b47241b66977ebc6b4ce61c7d4;Antananarivo, Lalana Razanakombana;handful;MG;;;,biological/paper/wood,plastic;1;13.09.2018 14:26;08766c29-29a2-4919-918b-cc77f64cbb73;;FALSE;-18.9128528;47.5289923;Antananarivo, Lalana Razanakombana;household;regular;;13.09.2018 14:26;FALSE;FALSE;FALSE;TRUE;FALSE;TRUE;FALSE;FALSE;FALSE;FALSE;FALSE;TRUE;FALSE;FALSE
46b85a9a-9afd-4eb9-aa27-5cbc4a91dc8f;trashpoint;2-bf7fa568278017fb188b5ea533d09288;Craiova, DN65F;bagful;RO;RO.DJ;;,metal,plastic;1;13.09.2018 14:30;08766c29-29a2-4919-918b-cc77f64cbb73;;FALSE;44.3459836;23.7913603;Craiova, DN65F;household;regular;;13.09.2018 14:30;FALSE;FALSE;FALSE;TRUE;TRUE;FALSE;FALSE;FALSE;FALSE;FALSE;FALSE;TRUE;FALSE;FALSE
3cebd7e9-748d-4df6-b982-19ffee8f9b29;trashpoint;2-b4bf26dad2876275d08223dff3a87504;Antananarivo, Lalana Razanakombana;handful;MG;;;,biological/paper/wood,plastic;1;13.09.2018 14:36;08766c29-29a2-4919-918b-cc77f64cbb73;;FALSE;-18.9136646;47.5296118;Antananarivo, Lalana Razanakombana;household;regular;;13.09.2018 14:36;FALSE;FALSE;FALSE;TRUE;FALSE;TRUE;FALSE;FALSE;FALSE;FALSE;FALSE;TRUE;FALSE;FALSE
cdbef8df-3f71-45cf-ac60-36bf2fa74ac6;trashpoint;2-c8af159c230bfd39448e1ac7db516c3b;Craiova, DN65F;handful;RO;RO.DJ;;,other,textiles/shoes/carpets,plastic;1;13.09.2018 14:39;08766c29-29a2-4919-918b-cc77f64cbb73;;FALSE;44.34584365;23.791526556;Craiova, DN65F;household;regular;;13.09.2018 14:39;FALSE;FALSE;FALSE;TRUE;FALSE;FALSE;TRUE;FALSE;FALSE;FALSE;FALSE;TRUE;FALSE;FALSE
0271dcc3-ee92-4bef-994c-a96a0f758dc5;trashpoint;2-176efeb495390b09311f310d577f4d55;Antananarivo, Lalana Razanakombana, 21;bagful;MG;;;,biological/paper/wood,plastic;1;13.09.2018 14:40;08766c29-29a2-4919-918b-cc77f64cbb73;;FALSE;-18.9138493;47.5301507;Antananarivo, Lalana Razanakombana, 21;household,non-household,;threat;;13.09.2018 14:40;FALSE;FALSE;FALSE;TRUE;FALSE;TRUE;FALSE;FALSE;FALSE;FALSE;FALSE;TRUE;TRUE;FALSE
c210ed94-fcfa-4dc5-b231-b15d3e2a1aae;trashpoint;2-a151d499ce92304e9f0698e782d2b999;Tallinn, Ümera, 33;cartload;EE;EE.HA;;,rubber/tyres,textiles/shoes/carpets,biological/paper/wood,plastic,glass;1;13.09.2018 14:43;08766c29-29a2-4919-918b-cc77f64cbb73;;FALSE;59.4454359236;24.8976568133;Tallinn, Ümera, 33;household;regular;;13.09.2018 14:43;TRUE;FALSE;FALSE;TRUE;FALSE;TRUE;TRUE;TRUE;FALSE;FALSE;FALSE;TRUE;FALSE;FALSE
a4d27960-4bf6-44a8-a701-7846ab89e7d1;trashpoint;2-be64a147e9c0ab9bcc043105af474a95;Craiova, DN65F;bagful;RO;RO.DJ;;,other;1;13.09.2018 14:45;08766c29-29a2-4919-918b-cc77f64cbb73;;FALSE;44.3454720096;23.792190738;Craiova, DN65F;construction and demolition;regular;;13.09.2018 14:45;FALSE;FALSE;FALSE;FALSE;FALSE;FALSE;FALSE;FALSE;FALSE;FALSE;FALSE;FALSE;FALSE;TRUE
93df95c6-e14e-415e-b989-a049468aba02;trashpoint;2-4d44b93444bd67a66f4b86091fd4417a;Tallinn, Ümera, 29a;cartload;EE;EE.HA;;,textiles/shoes/carpets,biological/paper/wood,plastic,glass;1;13.09.2018 14:47;08766c29-29a2-4919-918b-cc77f64cbb73;;FALSE;59.4455901068;24.8957106192;Tallinn, Ümera, 29a;household;regular;;13.09.2018 14:47;TRUE;FALSE;FALSE;TRUE;FALSE;TRUE;TRUE;FALSE;FALSE;FALSE;FALSE;TRUE;FALSE;FALSE
93a83176-07ca-4b94-9120-9ad920cf8f3a;trashpoint;2-08790b0fe6c612ccc458b365dad6ea3e;Antananarivo, Lalana Razanakombana, 21;bagful;MG;;;,biological/paper/wood,plastic;1;13.09.2018 14:48;08766c29-29a2-4919-918b-cc77f64cbb73;;FALSE;-18.9136378;47.5304575;Antananarivo, Lalana Razanakombana, 21;household;regular;;13.09.2018 14:48;FALSE;FALSE;FALSE;TRUE;FALSE;TRUE;FALSE;FALSE;FALSE;FALSE;FALSE;TRUE;FALSE;FALSE
5ce30795-c3b7-47f9-adbe-65c6add8f3b2;trashpoint;2-8ce5c967ad5614217271f29fd690860c;Antananarivo, Lalana Pasteur Rabary;cartload;MG;;;,textiles/shoes/carpets,biological/paper/wood,plastic;1;13.09.2018 14:52;08766c29-29a2-4919-918b-cc77f64cbb73;;FALSE;-18.912032;47.5332197;Antananarivo, Lalana Pasteur Rabary;household,non-household,;regular;;13.09.2018 14:52;FALSE;FALSE;FALSE;TRUE;FALSE;TRUE;TRUE;FALSE;FALSE;FALSE;FALSE;TRUE;TRUE;FALSE
7b804b5f-49e6-4199-a3d8-4de9e28d1489;trashpoint;2-4650ca201d55496d9cad5f948dd09906;Arad, DJ682F;handful;RO;RO.AR;;,other,textiles/shoes/carpets,biological/paper/wood,plastic;1;13.09.2018 14:57;08766c29-29a2-4919-918b-cc77f64cbb73;;FALSE;46.1975267;21.23899;Arad, DJ682F;construction and demolition;regular;;13.09.2018 14:57;FALSE;FALSE;FALSE;TRUE;FALSE;TRUE;TRUE;FALSE;FALSE;FALSE;FALSE;FALSE;FALSE;TRUE
4c694dd7-8e9e-4685-8f54-ceb2ca6a243d;trashpoint;2-ead415a804fb03b56cf72a679fdefbcd;Antananarivo, Lalana Pasteur Rabary;bagful;MG;;;,textiles/shoes/carpets,plastic,glass;1;13.09.2018 14:58;08766c29-29a2-4919-918b-cc77f64cbb73;;FALSE;-18.9129249;47.5332197;Antananarivo, Lalana Pasteur Rabary;household;regular;;13.09.2018 14:59;TRUE;FALSE;FALSE;TRUE;FALSE;FALSE;TRUE;FALSE;FALSE;FALSE;FALSE;TRUE;FALSE;FALSE
84e7b0dd-ad15-4ce7-8aa5-9e7e853ca60f;trashpoint;2-32e2935f7773d2a177318cfbecbb3208;Timișoara, Strada Ion Inculeț, 4;cartload;RO;RO.TM;;,other,electronics,textiles/shoes/carpets,biological/paper/wood,plastic,glass;1;13.09.2018 14:59;08766c29-29a2-4919-918b-cc77f64cbb73;;FALSE;45.7702505;21.2171741;Timișoara, Strada Ion Inculeț, 4;household,non-household,construction and demolition;regular;;13.09.2018 14:59;TRUE;FALSE;FALSE;TRUE;FALSE;TRUE;TRUE;FALSE;TRUE;FALSE;FALSE;TRUE;TRUE;TRUE
e11a9566-919a-438e-a87c-4448f9b68990;trashpoint;2-3f61f88f348b9de7af608f965642c36d;Timișoara, Strada Învățătorului, 1;cartload;RO;RO.TM;;,other,textiles/shoes/carpets,biological/paper/wood,plastic,ceramic/bricks,glass;1;13.09.2018 15:00;08766c29-29a2-4919-918b-cc77f64cbb73;;FALSE;45.7700454;21.2163532;Timișoara, Strada Învățătorului, 1;household,non-household,construction and demolition;regular;;13.09.2018 15:00;TRUE;TRUE;TRUE;TRUE;FALSE;TRUE;TRUE;FALSE;FALSE;FALSE;FALSE;TRUE;TRUE;TRUE
72b2d03f-9dd9-4e40-94d8-a642a787153a;trashpoint;2-3cf4251dbd3b10a95b16d2779e671be6;, DJ682F;handful;RO;RO.AR;;,other,toxic/chemicals,biological/paper/wood,plastic;1;13.09.2018 15:06;08766c29-29a2-4919-918b-cc77f64cbb73;;FALSE;46.1879001;21.2371091;, DJ682F;household;regular;;13.09.2018 15:06;FALSE;FALSE;FALSE;TRUE;FALSE;TRUE;FALSE;FALSE;FALSE;TRUE;FALSE;TRUE;FALSE;FALSE
3ae29749-db69-41d5-9bb8-7c37db199565;trashpoint;2-dcab4e33251267d1084db90ff584f2d5;Dhaka;handful;BD;;;,textiles/shoes/carpets;1;13.09.2018 15:06;08766c29-29a2-4919-918b-cc77f64cbb73;;FALSE;23.7620542;90.3588654;Dhaka;household;regular;;13.09.2018 15:07;FALSE;FALSE;FALSE;FALSE;FALSE;FALSE;TRUE;FALSE;FALSE;FALSE;FALSE;TRUE;FALSE;FALSE
09ffee17-f243-4992-ae88-fa186fe31f69;trashpoint;4-9e18d5854d30f590bb833165d9e2e10f;Germersheim, Gustel-Töpfer-Straße, 26;bagful;DE;;;,other,metal,plastic,glass;1;13.09.2018 15:14;08766c29-29a2-4919-918b-cc77f64cbb73;;FALSE;49.2110102;8.362088;Germersheim, Gustel-Töpfer-Straße, 26;household;regular;;13.09.2018 15:18;TRUE;FALSE;FALSE;TRUE;TRUE;FALSE;FALSE;FALSE;FALSE;FALSE;FALSE;TRUE;FALSE;FALSE
8fd182e0-25df-4bbe-83c5-d494b14d551d;trashpoint;2-f0c2979e7ff0e7481c9c2126e8c88553;, Lalana Samuel Stefani, 21;cartload;MG;;;,textiles/shoes/carpets,biological/paper/wood,plastic;1;13.09.2018 15:15;08766c29-29a2-4919-918b-cc77f64cbb73;;FALSE;-18.9160502;47.5273887;, Lalana Samuel Stefani, 21;household,non-household,;regular;;13.09.2018 15:15;FALSE;FALSE;FALSE;TRUE;FALSE;TRUE;TRUE;FALSE;FALSE;FALSE;FALSE;TRUE;TRUE;FALSE
928834fe-7099-49c1-8ab0-a561c4e629a3;trashpoint;3-922f0bcacf94e4d69f5b8872babcbf04;, Tv. Brasil, 80;truckload;BR;;;,other,biological/paper/wood,metal,plastic,glass;1;13.09.2018 15:25;08766c29-29a2-4919-918b-cc77f64cbb73;,#Limpeza,#Escola,#SC,#Chapec;FALSE;-27.1057139591;-52.6122503355;, Tv. Brasil, 80;;regular;;13.09.2018 15:31;TRUE;FALSE;FALSE;TRUE;TRUE;TRUE;FALSE;FALSE;FALSE;FALSE;FALSE;FALSE;FALSE;FALSE
78b71653-423e-4776-8f79-a50c9627f7b7;trashpoint;2-7e7c346a20e69842658b19b205934bea;Antananarivo, Lalana Andriandahifotsy;cartload;MG;;;,other,biological/paper/wood,plastic;1;13.09.2018 15:26;08766c29-29a2-4919-918b-cc77f64cbb73;;FALSE;-18.9106185;47.5286797;Antananarivo, Lalana Andriandahifotsy;household,non-household,construction and demolition;regular;;13.09.2018 15:26;FALSE;FALSE;FALSE;TRUE;FALSE;TRUE;FALSE;FALSE;FALSE;FALSE;FALSE;TRUE;TRUE;TRUE
ab1f901f-759a-473e-a8c8-e54c4757130b;trashpoint;2-195cd4d182ac2c16e1d053d1b5db2885;, Av. Nereu Ramos, 75D;truckload;BR;;;,other,biological/paper/wood,metal,plastic,ceramic/bricks,glass;1;13.09.2018 15:27;08766c29-29a2-4919-918b-cc77f64cbb73;;FALSE;-27.1049404;-52.6119665;, Av. Nereu Ramos, 75D;;regular;;13.09.2018 15:27;TRUE;TRUE;TRUE;TRUE;TRUE;TRUE;FALSE;FALSE;FALSE;FALSE;FALSE;FALSE;FALSE;FALSE
a969c1d1-e525-4604-96ba-f73e66c2a759;trashpoint;2-7d62e470955665821f185ddc0015d751;Antananarivo, Lalana R. Ramelina, 9;cartload;MG;;;,textiles/shoes/carpets,biological/paper/wood,plastic;1;13.09.2018 15:28;08766c29-29a2-4919-918b-cc77f64cbb73;;FALSE;-18.9117165;47.5282243;Antananarivo, Lalana R. Ramelina, 9;household,non-household,construction and demolition;regular;;13.09.2018 15:29;FALSE;FALSE;FALSE;TRUE;FALSE;TRUE;TRUE;FALSE;FALSE;FALSE;FALSE;TRUE;TRUE;TRUE
abcbbd2f-0813-41b4-ac7e-256b9ae39268;trashpoint;2-bafb3fd15b5ec9721d2c1a137c58cbb4;, Lalana Razanakombana;bagful;MG;;;,plastic,ceramic/bricks;1;13.09.2018 15:29;08766c29-29a2-4919-918b-cc77f64cbb73;;FALSE;-18.9119863;47.5287118;, Lalana Razanakombana;household;regular;;13.09.2018 15:30;FALSE;TRUE;TRUE;TRUE;FALSE;FALSE;FALSE;FALSE;FALSE;FALSE;FALSE;TRUE;FALSE;FALSE
0807eb4c-af73-4df1-8a62-d71a2ca1aa30;trashpoint;2-1d4caa232348e24f7d41676f494bd1b1;Antananarivo, Lalana R. Ramelina;bagful;MG;;;,textiles/shoes/carpets,biological/paper/wood,plastic;1;13.09.2018 15:34;08766c29-29a2-4919-918b-cc77f64cbb73;;FALSE;-18.911331;47.5277698;Antananarivo, Lalana R. Ramelina;household,non-household,;regular;;13.09.2018 15:35;FALSE;FALSE;FALSE;TRUE;FALSE;TRUE;TRUE;FALSE;FALSE;FALSE;FALSE;TRUE;TRUE;FALSE
98719f96-faa2-4d49-a086-cfeef11693c0;trashpoint;2-49c569c5c38b8da33ffe32bb3ca1dcf8;Antananarivo, Lalana Ratsimilaho, 43;bagful;MG;;;,biological/paper/wood,plastic;1;13.09.2018 15:40;08766c29-29a2-4919-918b-cc77f64cbb73;;FALSE;-18.9118762;47.5256226;Antananarivo, Lalana Ratsimilaho, 43;household,non-household,;regular;;13.09.2018 15:40;FALSE;FALSE;FALSE;TRUE;FALSE;TRUE;FALSE;FALSE;FALSE;FALSE;FALSE;TRUE;TRUE;FALSE
4a5d9232-8cf3-4ff7-b676-b21eb83b43f7;trashpoint;2-507e953f91dcb90ab60c19c8ff66ae32;Antananarivo, Lalana Dok Razafindratandra;bagful;MG;;;,textiles/shoes/carpets,biological/paper/wood,plastic;1;13.09.2018 15:48;08766c29-29a2-4919-918b-cc77f64cbb73;;FALSE;-18.9164296;47.5263994;Antananarivo, Lalana Dok Razafindratandra;household,non-household,;regular;;13.09.2018 15:48;FALSE;FALSE;FALSE;TRUE;FALSE;TRUE;TRUE;FALSE;FALSE;FALSE;FALSE;TRUE;TRUE;FALSE
c49f81d0-d70a-459a-9e11-212b0b27b0d0;trashpoint;2-faf7ae9f86285245a01b7df78287cd84;Antananarivo, Lalana Samuel Stefani;truckload;MG;;;,textiles/shoes/carpets,biological/paper/wood,plastic;1;13.09.2018 15:52;08766c29-29a2-4919-918b-cc77f64cbb73;;FALSE;-18.9164195;47.5266689;Antananarivo, Lalana Samuel Stefani;household,non-household,;regular;;13.09.2018 15:52;FALSE;FALSE;FALSE;TRUE;FALSE;TRUE;TRUE;FALSE;FALSE;FALSE;FALSE;TRUE;TRUE;FALSE
b7a09304-0b5d-4a95-ac73-5840c5b191ac;trashpoint;2-b43b2ec928b0ded33f3013a445756865;Vasavere, Unnamed Road;handful;EE;EE.IV;;,plastic,glass;1;13.09.2018 16:14;08766c29-29a2-4919-918b-cc77f64cbb73;;FALSE;59.3036233821;27.5545311068;Vasavere, Unnamed Road;household;regular;;13.09.2018 16:15;TRUE;FALSE;FALSE;TRUE;FALSE;FALSE;FALSE;FALSE;FALSE;FALSE;FALSE;TRUE;FALSE;FALSE
f3772cee-27b6-4935-a062-bc0f5b172e0e;trashpoint;2-61f5fbd0543d51bdc1754e665c7b30b0;Vasavere, Unnamed Road;handful;EE;EE.IV;;,plastic,glass;1;13.09.2018 16:43;08766c29-29a2-4919-918b-cc77f64cbb73;;FALSE;59.2995025032;27.5594302453;Vasavere, Unnamed Road;household;regular;;13.09.2018 16:43;TRUE;FALSE;FALSE;TRUE;FALSE;FALSE;FALSE;FALSE;FALSE;FALSE;FALSE;TRUE;FALSE;FALSE
f72803b4-f4f8-4298-8bc0-f094f24dfd7d;trashpoint;2-b0db165ec51879c38a521d71619c5252;Kastav, Gornji Turki, 83;truckload;HR;;;other,car parts/vehicles,toxic/chemicals,rubber/tyres,textiles/shoes/carpets,biological/paper/wood,metal,plastic,ceramic/bricks,glass;1;13.09.2018 18:00;08766c29-29a2-4919-918b-cc77f64cbb73;;FALSE;45.3868426;14.3602679;Kastav, Gornji Turki, 83;household,construction and demolition,;regular;;13.09.2018 18:00;TRUE;TRUE;TRUE;TRUE;TRUE;TRUE;TRUE;TRUE;FALSE;TRUE;TRUE;TRUE;FALSE;TRUE
2af8db20-a163-456a-86a0-a1c4d4517413;trashpoint;2-4e62e41764ce6877622c6a051227d1cb;Rijeka, Ul. Obitelji Sušanj, 7;bagful;HR;;;,other,biological/paper/wood,metal,plastic;1;13.09.2018 18:04;08766c29-29a2-4919-918b-cc77f64cbb73;;FALSE;45.345071;14.3842026;Rijeka, Ul. Obitelji Sušanj, 7;household;regular;;13.09.2018 18:05;FALSE;FALSE;FALSE;TRUE;TRUE;TRUE;FALSE;FALSE;FALSE;FALSE;FALSE;TRUE;FALSE;FALSE
671f28a6-0ac3-4a18-aa98-e520f2bd558d;trashpoint;2-bccc673aeea35d150984f18a9ed04798;Santa Cruz, Ave Nueva Jerusalen;truckload;BO;;;,rubber/tyres,biological/paper/wood,plastic;1;13.09.2018 18:20;08766c29-29a2-4919-918b-cc77f64cbb73;;FALSE;-17.7449335;-63.1850302;Santa Cruz, Ave Nueva Jerusalen;household;regular;;13.09.2018 18:20;FALSE;FALSE;FALSE;TRUE;FALSE;TRUE;FALSE;TRUE;FALSE;FALSE;FALSE;TRUE;FALSE;FALSE
017cb70d-7f2b-491e-9173-ee9164fcf5e8;trashpoint;3-f778dab3665a8c88601af2aaf1317184;Las Rozas, Ctra. de La Coruña, 102;cartload;ES;;;,biological/paper/wood,metal,plastic,ceramic/bricks,glass;1;13.09.2018 18:46;08766c29-29a2-4919-918b-cc77f64cbb73;;TRUE;40.5196245;-3.8807997;Las Rozas, Ctra. de La Coruña, 102;household;regular;3b61b794-2b8e-11e8-b467-0ed5f89f718b;13.09.2018 18:52;TRUE;TRUE;TRUE;TRUE;TRUE;TRUE;FALSE;FALSE;FALSE;FALSE;FALSE;TRUE;FALSE;FALSE
cd9f87f0-5496-40fb-8abe-d256f60da0e2;trashpoint;4-86f4b254381378e41322a94e49aa8aa8;, DJ381;truckload;RO;RO.CT;;,other;1;13.09.2018 19:15;08766c29-29a2-4919-918b-cc77f64cbb73;;FALSE;44.0835117;28.4405583;, DJ381;household,construction and demolition,;regular;;13.09.2018 19:21;FALSE;FALSE;FALSE;FALSE;FALSE;FALSE;FALSE;FALSE;FALSE;FALSE;FALSE;TRUE;FALSE;TRUE
e074adf3-b7e7-4b27-8f5a-61f8c7673434;trashpoint;2-346c37fb9144c699c75a62b040ba797d;Saku, Kooli tee, 4;cartload;EE;EE.HA;;,other,biological/paper/wood,metal,plastic,glass;1;13.09.2018 19:30;08766c29-29a2-4919-918b-cc77f64cbb73;;FALSE;59.3007521;24.6768763;Saku, Kooli tee, 4;household,non-household,;regular;;13.09.2018 19:30;TRUE;FALSE;FALSE;TRUE;TRUE;TRUE;FALSE;FALSE;FALSE;FALSE;FALSE;TRUE;TRUE;FALSE
e3ede195-ad0a-475c-a5db-3692ef052d30;trashpoint;3-bae51e1a8a2e904be45f9f74a246e815;, R. Heitor Modesto, 615;cartload;BR;;;,metal,plastic,glass;1;13.09.2018 21:17;08766c29-29a2-4919-918b-cc77f64cbb73;;FALSE;-22.1128837;-45.0484459;, R. Heitor Modesto, 615;;regular;;13.09.2018 21:20;TRUE;FALSE;FALSE;TRUE;TRUE;FALSE;FALSE;FALSE;FALSE;FALSE;FALSE;FALSE;FALSE;FALSE
5f00d57a-a55f-4b73-9014-5f0c9e672f88;trashpoint;2-09b159757df57658be5cb37f764b6d79;, R. São José;bagful;BR;;;,other,biological/paper/wood,metal,plastic,glass;1;13.09.2018 21:41;08766c29-29a2-4919-918b-cc77f64cbb73;;FALSE;-22.1076183;-45.0598991;, R. São José;;regular;;13.09.2018 21:41;TRUE;FALSE;FALSE;TRUE;TRUE;TRUE;FALSE;FALSE;FALSE;FALSE;FALSE;FALSE;FALSE;FALSE
5d38fa6b-fbe6-4cc3-87cb-ef7cab1c603e;trashpoint;2-321f68d7a5864ccad8fb7a6292eb6b2f;, R. Francisco Isidoro, 48;bagful;BR;;;,other,biological/paper/wood,metal,plastic,glass;1;13.09.2018 21:47;08766c29-29a2-4919-918b-cc77f64cbb73;;FALSE;-22.1098456;-45.0640784;, R. Francisco Isidoro, 48;;regular;;13.09.2018 21:47;TRUE;FALSE;FALSE;TRUE;TRUE;TRUE;FALSE;FALSE;FALSE;FALSE;FALSE;FALSE;FALSE;FALSE
574231d0-be27-4f7d-a31d-53ac5786860a;trashpoint;2-5775c639854d8e1598702461edc810e5;, R. Bom Pastor, 16;handful;BR;;;,biological/paper/wood;1;13.09.2018 22:03;08766c29-29a2-4919-918b-cc77f64cbb73;;FALSE;-1.388776;-48.4148923;, R. Bom Pastor, 16;;regular;;13.09.2018 22:03;FALSE;FALSE;FALSE;FALSE;FALSE;TRUE;FALSE;FALSE;FALSE;FALSE;FALSE;FALSE;FALSE;FALSE
a2254f18-dd33-4754-9f86-1507f46cf36d;trashpoint;2-fabffb4d0c03ec565055137dd72e0cd1;Kõbla tee 5, Naage, 76919 Harju maakond, Estonia;cartload;EE;EE.HA;;,other,plastic;1;13.09.2018 22:05;08766c29-29a2-4919-918b-cc77f64cbb73;;FALSE;59.4191666667;24.3466666667;Kõbla tee;non-household;regular;;13.09.2018 22:05;FALSE;FALSE;FALSE;TRUE;FALSE;FALSE;FALSE;FALSE;FALSE;FALSE;FALSE;TRUE;TRUE;FALSE
957f392f-89da-45cd-be6f-7dfdee884f1c;trashpoint;2-06e39058cf789f16175b3c1b2462b082;, Av. Comendador Costa, 627;bagful;BR;;;,textiles/shoes/carpets,metal,plastic,glass;1;13.09.2018 22:05;08766c29-29a2-4919-918b-cc77f64cbb73;;FALSE;-22.1150223;-45.0573007;, Av. Comendador Costa, 627;;regular;;13.09.2018 22:05;TRUE;FALSE;FALSE;TRUE;TRUE;FALSE;TRUE;FALSE;FALSE;FALSE;FALSE;FALSE;FALSE;FALSE
bccc3d27-7e6c-44bf-9e06-45f38d7f909b;trashpoint;2-c107b844b5bcf256785152f2aa705b85;Puhkehoone alajaam, Vääna-Jõesuu, 76909 Harju maakond, Estonia;truckload;EE;EE.HA;;,textiles/shoes/carpets,biological/paper/wood;1;13.09.2018 22:06;08766c29-29a2-4919-918b-cc77f64cbb73;;FALSE;59.4261111111;24.3561111111;Puhkehoone alajaam, Vääna-Jõesuu, 76909 Harju maakond, Estonia;non-household;regular;;13.09.2018 22:06;FALSE;FALSE;FALSE;FALSE;FALSE;TRUE;TRUE;FALSE;FALSE;FALSE;FALSE;TRUE;TRUE;FALSE
457c466b-3da4-496c-9858-e3b8f66a2ab1;trashpoint;2-96b01f2200d60038d9fe3548834e45a9;Jahilossi tee, 76919 Harju maakond, Estonia;truckload;EE;EE.HA;;,biological/paper/wood,plastic;1;13.09.2018 22:09;08766c29-29a2-4919-918b-cc77f64cbb73;;FALSE;59.4197222222;24.3494444444;Jahilossi tee;non-household;regular;;13.09.2018 22:09;FALSE;FALSE;FALSE;TRUE;FALSE;TRUE;FALSE;FALSE;FALSE;FALSE;FALSE;TRUE;TRUE;FALSE
5645ac34-c1a3-4a6c-a0e1-6ef974e9a8b4;trashpoint;2-d3c1c02a92d07dc427f1f89a22ffee4b;, R. Bom Pastor, 16;bagful;BR;;;,biological/paper/wood;1;13.09.2018 22:11;08766c29-29a2-4919-918b-cc77f64cbb73;;FALSE;-1.3887856;-48.4148843;, R. Bom Pastor, 16;non-household;regular;;13.09.2018 22:11;FALSE;FALSE;FALSE;FALSE;FALSE;TRUE;FALSE;FALSE;FALSE;FALSE;FALSE;TRUE;TRUE;FALSE
148189b7-e6f6-4f49-9c6f-9ea5bae3d777;trashpoint;2-b31bca1a9411e7741327a6d80adfff95;, Rod. Mário Covas, 730;handful;BR;;;,biological/paper/wood;1;13.09.2018 22:11;08766c29-29a2-4919-918b-cc77f64cbb73;;FALSE;-1.3845264;-48.4105165;, Rod. Mário Covas, 730;non-household;regular;;13.09.2018 22:12;FALSE;FALSE;FALSE;FALSE;FALSE;TRUE;FALSE;FALSE;FALSE;FALSE;FALSE;TRUE;TRUE;FALSE
aaff2208-1f64-4fc8-bf62-bb460f4d9830;trashpoint;2-cc6b32744738167d40edf9864f40f6b8;, R. Bom Pastor, 16;handful;BR;;;,biological/paper/wood;1;13.09.2018 22:11;08766c29-29a2-4919-918b-cc77f64cbb73;;FALSE;-1.3887518;-48.4149168;, R. Bom Pastor, 16;non-household;regular;;13.09.2018 22:12;FALSE;FALSE;FALSE;FALSE;FALSE;TRUE;FALSE;FALSE;FALSE;FALSE;FALSE;TRUE;TRUE;FALSE
c73e36c4-7e19-4614-bf36-499ba0011a79;trashpoint;2-4d61f041fef0f9a6bad0490ba343edc4;, R. Bom Pastor, 16;handful;BR;;;,biological/paper/wood;1;13.09.2018 22:13;08766c29-29a2-4919-918b-cc77f64cbb73;#unamaananindeua;FALSE;-1.3887929;-48.4148618;, R. Bom Pastor, 16;non-household;regular;;13.09.2018 22:13;FALSE;FALSE;FALSE;FALSE;FALSE;TRUE;FALSE;FALSE;FALSE;FALSE;FALSE;TRUE;TRUE;FALSE
c3d76120-1e3e-48cb-9764-6b03b9672654;trashpoint;2-274be1b26cc965931317bfb6fb97083e;, Rod. Bernardo Sayão, 8484;handful;BR;;;,biological/paper/wood;1;13.09.2018 22:13;08766c29-29a2-4919-918b-cc77f64cbb73;,#limpabrasil,#unamaananindeua;FALSE;-1.3898548;-48.4142603;, Rod. Bernardo Sayão, 8484;non-household;regular;;13.09.2018 22:13;FALSE;FALSE;FALSE;FALSE;FALSE;TRUE;FALSE;FALSE;FALSE;FALSE;FALSE;TRUE;TRUE;FALSE
ac0f4896-f9db-48f3-a97e-eec20495fe2d;trashpoint;2-c46f83b4c57d08cf50f3751c6a2f4f3c;, R. Bom Pastor, 68;handful;BR;;;,biological/paper/wood;1;13.09.2018 22:13;08766c29-29a2-4919-918b-cc77f64cbb73;,#unamaananindeua,#limpabrasil;FALSE;-1.38909607255;-48.4146928399;, R. Bom Pastor, 68;non-household;regular;;13.09.2018 22:13;FALSE;FALSE;FALSE;FALSE;FALSE;TRUE;FALSE;FALSE;FALSE;FALSE;FALSE;TRUE;TRUE;FALSE
9f44e19f-c262-47dc-ba3b-9da830944a40;trashpoint;2-bf51e4a24b62492deefa41e4b22dd070;, R. Bom Pastor, 16;handful;BR;;;,biological/paper/wood;1;13.09.2018 22:14;08766c29-29a2-4919-918b-cc77f64cbb73;;FALSE;-1.3887843;-48.4148748;, R. Bom Pastor, 16;non-household;regular;;13.09.2018 22:14;FALSE;FALSE;FALSE;FALSE;FALSE;TRUE;FALSE;FALSE;FALSE;FALSE;FALSE;TRUE;TRUE;FALSE
b3adeb16-211d-45f9-aa6a-2cbb4361d490;trashpoint;2-3de679a0cbeeed76b53617d7820700b7;, Av. Antônio Junqueira de Souza, 36;bagful;BR;;;,other,biological/paper/wood,metal,plastic,glass;1;13.09.2018 22:15;08766c29-29a2-4919-918b-cc77f64cbb73;;FALSE;-22.1175087;-45.0501651;, Av. Antônio Junqueira de Souza, 36;;regular;;13.09.2018 22:17;TRUE;FALSE;FALSE;TRUE;TRUE;TRUE;FALSE;FALSE;FALSE;FALSE;FALSE;FALSE;FALSE;FALSE
92878e4d-da24-4bf0-b059-ebca22e5bded;trashpoint;2-7c172619650d30a4e3e568bc273e1fe5;, Rod. Bernardo Sayão, 8484;bagful;BR;;;,biological/paper/wood;1;13.09.2018 22:20;08766c29-29a2-4919-918b-cc77f64cbb73;;FALSE;-1.38971345476;-48.4143451983;, Rod. Bernardo Sayão, 8484;non-household;regular;;13.09.2018 22:20;FALSE;FALSE;FALSE;FALSE;FALSE;TRUE;FALSE;FALSE;FALSE;FALSE;FALSE;TRUE;TRUE;FALSE
835da331-f8fe-4e27-a6c6-7b88a5469d43;trashpoint;2-d8b8a1ab3c9a5876f10c3e4ccdb01a76;Unnamed Road, Punta Cana 23000, Dominican Republic;cartload;;;;car parts/vehicles,toxic/chemicals,electronics,rubber/tyres,textiles/shoes/carpets,biological/paper/wood,metal,plastic,other,ceramic/bricks,glass;1;14.09.2018 02:40;08766c29-29a2-4919-918b-cc77f64cbb73;;FALSE;18.811226;-68.578548;Unnamed Road;household;regular;;14.09.2018 02:41;TRUE;TRUE;TRUE;TRUE;TRUE;TRUE;TRUE;TRUE;TRUE;TRUE;TRUE;TRUE;FALSE;FALSE
0d1302d7-24e5-41e5-b68a-0e484357bd19;trashpoint;2-bc7f79d9f6ba0a7964fe1e8c17457a5c;Avenida Independencia #13, Jarabacoa 41000, Dominican Republic;cartload;DO;;;car parts/vehicles,toxic/chemicals,electronics,rubber/tyres,textiles/shoes/carpets,biological/paper/wood,metal,plastic,other,ceramic/bricks,glass;1;14.09.2018 02:51;08766c29-29a2-4919-918b-cc77f64cbb73;;FALSE;19.121246;-70.643204;Avenida Independencia #13, Jarabacoa 41000, Dominican Republic;household;regular;;14.09.2018 02:51;TRUE;TRUE;TRUE;TRUE;TRUE;TRUE;TRUE;TRUE;TRUE;TRUE;TRUE;TRUE;FALSE;FALSE
1dee6fc0-c41c-4a7e-989e-bc4e4a77baa8;trashpoint;2-4ffb30aba33e222fa933c14cae6a05b9;La Confluencia, Jarabacoa, Sendero Ecological, Jarabacoa 41000, Dominican Republic;cartload;DO;;;car parts/vehicles,toxic/chemicals,electronics,rubber/tyres,textiles/shoes/carpets,biological/paper/wood,metal,plastic,other,ceramic/bricks,glass;1;14.09.2018 02:54;08766c29-29a2-4919-918b-cc77f64cbb73;;FALSE;19.153133;-70.643988;Sendero Ecological;household;regular;;14.09.2018 02:54;TRUE;TRUE;TRUE;TRUE;TRUE;TRUE;TRUE;TRUE;TRUE;TRUE;TRUE;TRUE;FALSE;FALSE
639af515-d525-4bc6-a3f4-1a2d36e497e4;trashpoint;2-d0b9482faad5e9b9bcff37492fa079fe;Ave La Confluencia 2, Jarabacoa 41000, Dominican Republic;cartload;DO;;;car parts/vehicles,toxic/chemicals,electronics,rubber/tyres,textiles/shoes/carpets,biological/paper/wood,metal,plastic,other,ceramic/bricks,glass;1;14.09.2018 02:55;08766c29-29a2-4919-918b-cc77f64cbb73;;FALSE;19.126112;-70.644337;Avenue La Confluencia;household;regular;;14.09.2018 02:55;TRUE;TRUE;TRUE;TRUE;TRUE;TRUE;TRUE;TRUE;TRUE;TRUE;TRUE;TRUE;FALSE;FALSE
e6830b03-7147-45b9-9139-c6b12d394e71;trashpoint;2-0c58b289c811b502918fa9db20181cbe;Camino La Piña - Las Guazaras, Las Guázaras 41000, Dominican Republic;cartload;DO;;;car parts/vehicles,toxic/chemicals,electronics,rubber/tyres,textiles/shoes/carpets,biological/paper/wood,metal,plastic,other,ceramic/bricks,glass;1;14.09.2018 02:59;08766c29-29a2-4919-918b-cc77f64cbb73;;FALSE;19.090864;-70.673343;Camino La Piña - Las Guazaras;household;regular;;14.09.2018 02:59;TRUE;TRUE;TRUE;TRUE;TRUE;TRUE;TRUE;TRUE;TRUE;TRUE;TRUE;TRUE;FALSE;FALSE
b48c0e56-0bce-479e-9aba-f7e5807c80b6;trashpoint;2-0ed3b1fa4765ca3095f1f3a7b0e4a573;Camino La Piña - Las Guazaras, Las Guázaras 41000, Dominican Republic;cartload;DO;;;,car parts/vehicles,toxic/chemicals,electronics,rubber/tyres,textiles/shoes/carpets,biological/paper/wood;1;14.09.2018 03:01;08766c29-29a2-4919-918b-cc77f64cbb73;;FALSE;19.078687;-70.706012;Camino La Piña - Las Guazaras;household;regular;;14.09.2018 03:01;FALSE;FALSE;FALSE;FALSE;FALSE;TRUE;TRUE;TRUE;TRUE;TRUE;TRUE;TRUE;FALSE;FALSE
390e0d9e-4246-4765-886e-287fa6b5b73b;trashpoint;2-66fd4f9c2354defffe5b568327e576b8;Carr. Palo Blanco, Jarabacoa 41000, Dominican Republic;cartload;DO;;;,car parts/vehicles,toxic/chemicals,biological/paper/wood,plastic,ceramic/bricks,glass;1;14.09.2018 03:02;08766c29-29a2-4919-918b-cc77f64cbb73;;FALSE;19.103307;-70.646069;Carretera Palo Blanco;household;regular;;14.09.2018 03:02;TRUE;TRUE;TRUE;TRUE;FALSE;TRUE;FALSE;FALSE;FALSE;TRUE;TRUE;TRUE;FALSE;FALSE
43c81a24-58cc-404d-96e7-8a863e1048df;trashpoint;2-160af0a196509ad7e818845ab9eec417;Calle baiguate, Jarabacoa 41000, Dominican Republic;truckload;DO;;;,toxic/chemicals,electronics,rubber/tyres,textiles/shoes/carpets,biological/paper/wood,metal,plastic,ceramic/bricks,glass;1;14.09.2018 03:04;08766c29-29a2-4919-918b-cc77f64cbb73;;FALSE;19.101734;-70.61913;Calle baiguate;household;regular;;14.09.2018 03:04;TRUE;TRUE;TRUE;TRUE;TRUE;TRUE;TRUE;TRUE;TRUE;TRUE;FALSE;TRUE;FALSE;FALSE
a034fb10-742b-4b0f-aef4-d4fd2e2212e0;trashpoint;2-8a6760783486bfae7d0f8850c191cc45;Unnamed Road, Jarabacoa 41000, Dominican Republic;truckload;DO;;;car parts/vehicles,toxic/chemicals,electronics,rubber/tyres,textiles/shoes/carpets,biological/paper/wood,metal,plastic,ceramic/bricks,glass;1;14.09.2018 03:05;08766c29-29a2-4919-918b-cc77f64cbb73;;FALSE;19.137851;-70.606808;Unnamed Road;household;regular;;14.09.2018 03:05;TRUE;TRUE;TRUE;TRUE;TRUE;TRUE;TRUE;TRUE;TRUE;TRUE;TRUE;TRUE;FALSE;FALSE
a541890c-654e-4877-9ed9-63e90ae1c1b2;trashpoint;2-ea3e07a1a44ed406618fafa4b4747898;Calle 5 la Colonia, Jarabacoa 41000, Dominican Republic;cartload;DO;;;car parts/vehicles,toxic/chemicals,electronics,rubber/tyres,textiles/shoes/carpets,biological/paper/wood,metal,plastic,ceramic/bricks,glass;1;14.09.2018 03:07;08766c29-29a2-4919-918b-cc77f64cbb73;;FALSE;19.120182;-70.634365;Calle 5 la Colonia;household;regular;;14.09.2018 03:07;TRUE;TRUE;TRUE;TRUE;TRUE;TRUE;TRUE;TRUE;TRUE;TRUE;TRUE;TRUE;FALSE;FALSE
266924b5-3db4-4dde-a05b-ef7caa2c1357;trashpoint;2-e81c9a8f19b2bfb35b904eb22fab8651;La Vega Province, Dominican Republic;cartload;DO;;;,electronics,textiles/shoes/carpets,biological/paper/wood,plastic,ceramic/bricks,glass;1;14.09.2018 03:08;08766c29-29a2-4919-918b-cc77f64cbb73;;FALSE;19.187781;-70.567369;La Vega Province, Dominican Republic;household;regular;;14.09.2018 03:08;TRUE;TRUE;TRUE;TRUE;FALSE;TRUE;TRUE;FALSE;TRUE;FALSE;FALSE;TRUE;FALSE;FALSE
f2b1a10a-5e3b-45ca-9d08-3ef4a1db6218;trashpoint;2-8a1e44bebd4fc45d3f849376ad957f16;Calle 16 de Agosto 47, Jarabacoa 41000, Dominican Republic;cartload;DO;;;,toxic/chemicals,electronics,rubber/tyres,textiles/shoes/carpets,biological/paper/wood,ceramic/bricks,glass;1;14.09.2018 03:09;08766c29-29a2-4919-918b-cc77f64cbb73;;FALSE;19.120093;-70.640043;Calle 16 de Agosto;household;regular;;14.09.2018 03:09;TRUE;TRUE;TRUE;FALSE;FALSE;TRUE;TRUE;TRUE;TRUE;TRUE;FALSE;TRUE;FALSE;FALSE
25498227-bbf6-496c-88d9-483562c06e4e;trashpoint;2-cddfeaf6d77fa3e66a005dc81f9a89e1;Av Federico Bacilis, Proyecto Ercilia Pepín s/n, El Río Arriba 41000, Dominican Republic;cartload;DO;;;,car parts/vehicles,rubber/tyres,textiles/shoes/carpets,biological/paper/wood,plastic,ceramic/bricks,glass;1;14.09.2018 03:10;08766c29-29a2-4919-918b-cc77f64cbb73;;FALSE;19.202964;-70.583389;Av Federico Bacilis, Proyecto Ercilia Pepín s/n, El Río Arriba 41000, Dominican Republic;household;regular;;14.09.2018 03:11;TRUE;TRUE;TRUE;TRUE;FALSE;TRUE;TRUE;TRUE;FALSE;FALSE;TRUE;TRUE;FALSE;FALSE
65484007-818f-4eac-b8e0-523cc4409065;trashpoint;2-ad400c493abe29df830b31892eec3732;, Bandalsgränden, 7;bagful;FI;;;,biological/paper/wood,plastic;1;14.09.2018 07:39;08766c29-29a2-4919-918b-cc77f64cbb73;;FALSE;60.2064492;24.6764692;, Bandalsgränden, 7;non-household;regular;;14.09.2018 07:39;FALSE;FALSE;FALSE;TRUE;FALSE;TRUE;FALSE;FALSE;FALSE;FALSE;FALSE;TRUE;TRUE;FALSE
3d4e481a-9eb2-4936-9516-3779d525c011;trashpoint;2-68a4592e821461ace18f4e1bd8884f48;Kuching, Jalan Tan Sri Datuk William Tan, 16a;bagful;MY;;;,rubber/tyres,metal,plastic,glass;1;14.09.2018 07:47;08766c29-29a2-4919-918b-cc77f64cbb73;;FALSE;1.5478809;110.3645799;Kuching, Jalan Tan Sri Datuk William Tan, 16a;household;regular;;14.09.2018 07:47;TRUE;FALSE;FALSE;TRUE;TRUE;FALSE;FALSE;TRUE;FALSE;FALSE;FALSE;TRUE;FALSE;FALSE
06f2a16d-76d3-4ce5-bf45-a243fa9863ca;trashpoint;2-6661877c4b4e3109caffd1a677c0dcd2;Kuching, Jalan Ang Cheng Ho;cartload;MY;;;,biological/paper/wood,plastic,ceramic/bricks,glass;1;14.09.2018 07:55;08766c29-29a2-4919-918b-cc77f64cbb73;;FALSE;1.5527338;110.3630904;Kuching, Jalan Ang Cheng Ho;construction and demolition;regular;;14.09.2018 07:55;TRUE;TRUE;TRUE;TRUE;FALSE;TRUE;FALSE;FALSE;FALSE;FALSE;FALSE;FALSE;FALSE;TRUE
52ee61db-0bd9-4bea-a6bc-0e8f245c452f;trashpoint;2-9c83682f12f4c640a9baaa6556ea1cc4;Kuching, Jalan Tun Datuk Patinggi Abang Haji Muhammad Salahuddin;bagful;MY;;;,other,metal,plastic,glass;1;14.09.2018 08:05;08766c29-29a2-4919-918b-cc77f64cbb73;;FALSE;1.5655543;110.3619733;Kuching, Jalan Tun Datuk Patinggi Abang Haji Muhammad Salahuddin;household;regular;;14.09.2018 08:05;TRUE;FALSE;FALSE;TRUE;TRUE;FALSE;FALSE;FALSE;FALSE;FALSE;FALSE;TRUE;FALSE;FALSE
95dc7e77-75fa-4a0e-9e8e-eac416562a01;trashpoint;2-f14a3ec74246dcdfa1b49a1ad999fda4;Kuching, Lorong Datuk Abang Abdul Rahim 7a, 8351;cartload;MY;;;,other,biological/paper/wood,metal,plastic,glass;1;14.09.2018 08:12;08766c29-29a2-4919-918b-cc77f64cbb73;;FALSE;1.5537351;110.3703655;Kuching, Lorong Datuk Abang Abdul Rahim 7a, 8351;household,non-household,;regular;;14.09.2018 08:12;TRUE;FALSE;FALSE;TRUE;TRUE;TRUE;FALSE;FALSE;FALSE;FALSE;FALSE;TRUE;TRUE;FALSE
61743fdb-0976-4133-b971-4eff965ff746;trashpoint;3-bbb1158e651436ea1c290357e81f98de;Kuching, Foochow Road Number 2;handful;MY;;;,rubber/tyres,plastic,glass;1;14.09.2018 08:29;08766c29-29a2-4919-918b-cc77f64cbb73;;FALSE;1.54679590688;110.366950482;Kuching, Foochow Road Number 2;non-household;regular;;14.09.2018 08:31;TRUE;FALSE;FALSE;TRUE;FALSE;FALSE;FALSE;TRUE;FALSE;FALSE;FALSE;TRUE;TRUE;FALSE
b3bb699c-9efd-4b0f-87bf-b9fab1be2d36;trashpoint;3-a581803521f97178d28d3070943735e5;Kuching;handful;MY;;;,plastic;1;14.09.2018 08:36;08766c29-29a2-4919-918b-cc77f64cbb73;;FALSE;1.54618190475;110.36618907;Kuching;non-household;regular;;14.09.2018 08:36;FALSE;FALSE;FALSE;TRUE;FALSE;FALSE;FALSE;FALSE;FALSE;FALSE;FALSE;TRUE;TRUE;FALSE
4b26b926-0cf8-454c-aa51-da49d6113bb7;trashpoint;2-10f2495d3090400071e349b3fa1cf15b;Kuching, Unnamed Road;cartload;MY;;;,other,biological/paper/wood,metal,plastic,ceramic/bricks,glass;1;14.09.2018 08:41;08766c29-29a2-4919-918b-cc77f64cbb73;;FALSE;1.5658541;110.3604839;Kuching, Unnamed Road;household,non-household,;regular;;14.09.2018 08:43;TRUE;TRUE;TRUE;TRUE;TRUE;TRUE;FALSE;FALSE;FALSE;FALSE;FALSE;TRUE;TRUE;FALSE
8879797f-9626-4cce-86ee-fd4368849950;trashpoint;2-86c66de9b07feb0f4117d52270058382;Kuching, Jalan Pending;cartload;MY;;;,other,biological/paper/wood,plastic,ceramic/bricks,glass;1;14.09.2018 08:47;08766c29-29a2-4919-918b-cc77f64cbb73;;FALSE;1.5517977;110.3712825;Kuching, Jalan Pending;household,non-household,;regular;;14.09.2018 08:47;TRUE;TRUE;TRUE;TRUE;FALSE;TRUE;FALSE;FALSE;FALSE;FALSE;FALSE;TRUE;TRUE;FALSE
76daac75-ae30-4bc4-966a-a5e59760a4a3;trashpoint;2-79eae94353699e9ac61ad5a19a008891;Kuching, Lorong 15, 154;handful;MY;;;,rubber/tyres,plastic;1;14.09.2018 08:56;08766c29-29a2-4919-918b-cc77f64cbb73;;FALSE;1.5545127;110.3560155;Kuching, Lorong 15, 154;non-household;regular;;14.09.2018 08:56;FALSE;FALSE;FALSE;TRUE;FALSE;FALSE;FALSE;TRUE;FALSE;FALSE;FALSE;TRUE;TRUE;FALSE
760a680c-f198-440f-83d0-eb42aeb23a46;trashpoint;2-87b0a39d48cdd836ad1bcd7524d9a337;ตำบล บางกะเจ้า;handful;TH;;;,plastic;1;14.09.2018 09:00;08766c29-29a2-4919-918b-cc77f64cbb73;;FALSE;13.6891251;100.5552633;ตำบล บางกะเจ้า;household;regular;;14.09.2018 09:00;FALSE;FALSE;FALSE;TRUE;FALSE;FALSE;FALSE;FALSE;FALSE;FALSE;FALSE;TRUE;FALSE;FALSE
1f7ca924-3666-4d8c-89f8-6660485f1271;trashpoint;2-fd6eb9d5df3e5f4a8a6dea2a905d58ca;ตำบล บางกะเจ้า;handful;TH;;;,plastic;1;14.09.2018 09:01;08766c29-29a2-4919-918b-cc77f64cbb73;;FALSE;13.689137;100.5552448;ตำบล บางกะเจ้า;household;regular;;14.09.2018 09:01;FALSE;FALSE;FALSE;TRUE;FALSE;FALSE;FALSE;FALSE;FALSE;FALSE;FALSE;TRUE;FALSE;FALSE
f2e1f601-b820-4e0e-9493-2a951d5292db;trashpoint;2-477ad3df8f507d60e0e1872f9d2b5bb4;, พระรามที่ 3 ซอย 50, 31/4;handful;TH;;;,other,plastic;1;14.09.2018 09:06;08766c29-29a2-4919-918b-cc77f64cbb73;;FALSE;13.6837452;100.5492916;, พระรามที่ 3 ซอย 50, 31/4;household;regular;;14.09.2018 09:06;FALSE;FALSE;FALSE;TRUE;FALSE;FALSE;FALSE;FALSE;FALSE;FALSE;FALSE;TRUE;FALSE;FALSE
0669e17b-0d6e-4037-b96c-a1dfed97ac9e;trashpoint;2-bbd3c33b6bbfebdfe5acd6ec7676a34c;Kuching, Jalan Sungai Padungan, 5726;bagful;MY;;;,rubber/tyres,plastic,glass;1;14.09.2018 09:07;08766c29-29a2-4919-918b-cc77f64cbb73;;FALSE;1.55548542568;110.359068476;Kuching, Jalan Sungai Padungan, 5726;non-household;regular;;14.09.2018 09:07;TRUE;FALSE;FALSE;TRUE;FALSE;FALSE;FALSE;TRUE;FALSE;FALSE;FALSE;TRUE;TRUE;FALSE
1c34f90c-f57d-4e5e-9758-5ddafb29a558;trashpoint;2-4964e316074528f5975363d1e048969d;ตำบล บางกะเจ้า;handful;TH;;;,plastic;1;14.09.2018 09:07;08766c29-29a2-4919-918b-cc77f64cbb73;;FALSE;13.6890151759;100.555231524;ตำบล บางกะเจ้า;household;regular;3b61c81a-2b8e-11e8-b467-0ed5f89f717g;14.09.2018 09:08;FALSE;FALSE;FALSE;TRUE;FALSE;FALSE;FALSE;FALSE;FALSE;FALSE;FALSE;TRUE;FALSE;FALSE
791502d9-1ac3-432b-b562-206682c34ecd;trashpoint;2-ecf6bb117432bf40c5df5c0ef621a935;พระประแดง, Soi Phetchahueng 25/5;handful;TH;;;,plastic;1;14.09.2018 09:10;08766c29-29a2-4919-918b-cc77f64cbb73;;FALSE;13.6889469783;100.555375523;พระประแดง, Soi Phetchahueng 25/5;household;regular;3b61c81a-2b8e-11e8-b467-0ed5f89f717g;14.09.2018 09:10;FALSE;FALSE;FALSE;TRUE;FALSE;FALSE;FALSE;FALSE;FALSE;FALSE;FALSE;TRUE;FALSE;FALSE
ec30e468-64f0-4965-aef8-d00ef75cfc06;trashpoint;2-81620bd2373440894d4a7b00c71c1a21;พระประแดง, Soi Phetchahueng 25/5;handful;TH;;;,plastic;1;14.09.2018 09:12;08766c29-29a2-4919-918b-cc77f64cbb73;;FALSE;13.6889532056;100.55536035;พระประแดง, Soi Phetchahueng 25/5;household;regular;3b61c81a-2b8e-11e8-b467-0ed5f89f717g;14.09.2018 09:12;FALSE;FALSE;FALSE;TRUE;FALSE;FALSE;FALSE;FALSE;FALSE;FALSE;FALSE;TRUE;FALSE;FALSE
e8bae0d7-89e0-4175-88a4-83b321b31e59;trashpoint;2-8d35693b07d41da0f6202556e8ada367;พระประแดง, Soi Phetchahueng 25/5;handful;TH;;;,other,plastic;1;14.09.2018 09:12;08766c29-29a2-4919-918b-cc77f64cbb73;;FALSE;13.6890131;100.5554271;พระประแดง, Soi Phetchahueng 25/5;household;regular;;14.09.2018 09:12;FALSE;FALSE;FALSE;TRUE;FALSE;FALSE;FALSE;FALSE;FALSE;FALSE;FALSE;TRUE;FALSE;FALSE
8c70c5a5-5cfe-411a-b884-0c5afac1aa19;trashpoint;2-3e62376f6e5e4c57b03f2f515c653f93;Kuching;handful;MY;;;,rubber/tyres,plastic;1;14.09.2018 09:12;08766c29-29a2-4919-918b-cc77f64cbb73;;FALSE;1.55575924532;110.359511375;Kuching;non-household;regular;;14.09.2018 09:12;FALSE;FALSE;FALSE;TRUE;FALSE;FALSE;FALSE;TRUE;FALSE;FALSE;FALSE;TRUE;TRUE;FALSE
b0d62061-1971-4471-8813-d15175ea6c1b;trashpoint;2-dbabbdb36b37575f81273cb7264ad216;พระประแดง, Soi Phetchahueng 25/5;handful;TH;;;,other,plastic;1;14.09.2018 09:13;08766c29-29a2-4919-918b-cc77f64cbb73;;FALSE;13.6887796;100.5558282;พระประแดง, Soi Phetchahueng 25/5;household;regular;;14.09.2018 09:13;FALSE;FALSE;FALSE;TRUE;FALSE;FALSE;FALSE;FALSE;FALSE;FALSE;FALSE;TRUE;FALSE;FALSE
95e8326e-b9fe-4002-93d4-c6997c4292af;trashpoint;2-53f19d0f76f4c90f16663a074e5d1069;ตำบลสำโรง, ถนนรางรถไฟเก่า;handful;TH;;;,plastic;1;14.09.2018 09:17;08766c29-29a2-4919-918b-cc77f64cbb73;;FALSE;13.6869821924;100.55610699;ตำบลสำโรง, ถนนรางรถไฟเก่า;household;regular;3b61c81a-2b8e-11e8-b467-0ed5f89f717g;14.09.2018 09:17;FALSE;FALSE;FALSE;TRUE;FALSE;FALSE;FALSE;FALSE;FALSE;FALSE;FALSE;TRUE;FALSE;FALSE
cddf271b-71b6-46ff-a023-51ece78e9174;trashpoint;2-d015eb43d6dd7992b7d7f63992469f63;Oprişor, DJ563;handful;RO;RO.MH;;,other;1;14.09.2018 09:17;08766c29-29a2-4919-918b-cc77f64cbb73;;FALSE;44.2898036;23.0777179;Oprişor, DJ563;household;regular;None;14.09.2018 09:17;FALSE;FALSE;FALSE;FALSE;FALSE;FALSE;FALSE;FALSE;FALSE;FALSE;FALSE;TRUE;FALSE;FALSE
9ad74c8d-9475-4a44-a1c4-0952ad326855;trashpoint;2-34d216288befa993d861313d5af17f7f;Kuching, Jalan Petanak;handful;MY;;;,rubber/tyres,plastic;1;14.09.2018 09:18;08766c29-29a2-4919-918b-cc77f64cbb73;;FALSE;1.55518043681;110.361382216;Kuching, Jalan Petanak;non-household;regular;;14.09.2018 09:18;FALSE;FALSE;FALSE;TRUE;FALSE;FALSE;FALSE;TRUE;FALSE;FALSE;FALSE;TRUE;TRUE;FALSE
ecd2677d-6f1e-4419-8586-0e7d66691150;trashpoint;2-e656b6660e96d183043750593610548b;Oprişor, DJ563;handful;RO;RO.MH;;,other;1;14.09.2018 09:18;08766c29-29a2-4919-918b-cc77f64cbb73;;FALSE;44.2851055;23.0822698;Oprişor, DJ563;household;regular;None;14.09.2018 09:18;FALSE;FALSE;FALSE;FALSE;FALSE;FALSE;FALSE;FALSE;FALSE;FALSE;FALSE;TRUE;FALSE;FALSE
e0ea35bf-d6c5-4577-bee1-c77348035103;trashpoint;2-3eddca7c8c01604a0876d49dc3db8364;Tambon Bang Yo, Soi Nana Phan Mu 10 8 7, 93/6;handful;TH;;;,plastic;1;14.09.2018 09:18;08766c29-29a2-4919-918b-cc77f64cbb73;;FALSE;13.6861008557;100.557154927;Tambon Bang Yo, Soi Nana Phan Mu 10 8 7, 93/6;household;regular;3b61c81a-2b8e-11e8-b467-0ed5f89f717g;14.09.2018 09:19;FALSE;FALSE;FALSE;TRUE;FALSE;FALSE;FALSE;FALSE;FALSE;FALSE;FALSE;TRUE;FALSE;FALSE
8ae1d537-8ec5-4989-bc0c-90e456d38bf5;trashpoint;2-895c96ff5937a951e763cce49341a673;Bragadiru, Strada Oituz, 24;handful;RO;RO.IF;;,plastic;1;14.09.2018 09:19;08766c29-29a2-4919-918b-cc77f64cbb73;;FALSE;44.3851376;26.0104496;Bragadiru, Strada Oituz, 24;;regular;;14.09.2018 09:19;FALSE;FALSE;FALSE;TRUE;FALSE;FALSE;FALSE;FALSE;FALSE;FALSE;FALSE;FALSE;FALSE;FALSE
7b734764-d7ff-4be1-83b2-fd9e21c779fe;trashpoint;2-3ee8f88d947f3242f812838cd0a824c1;Tambon Bang Yo, Soi Epchrhึgษs 25;handful;TH;;;,plastic;1;14.09.2018 09:20;08766c29-29a2-4919-918b-cc77f64cbb73;;FALSE;13.685478;100.5575409;Tambon Bang Yo, Soi Epchrhึgษs 25;household;regular;;14.09.2018 09:20;FALSE;FALSE;FALSE;TRUE;FALSE;FALSE;FALSE;FALSE;FALSE;FALSE;FALSE;TRUE;FALSE;FALSE
2332cc0c-4049-4915-8516-21dcb9ae1b14;trashpoint;2-6fb22207988fdf158186c1b6092c2771;Tambon Bang Yo, 4/4;handful;TH;;;,plastic;1;14.09.2018 09:20;08766c29-29a2-4919-918b-cc77f64cbb73;;FALSE;13.6863351519;100.557809213;Tambon Bang Yo, 4/4;household;regular;3b61c81a-2b8e-11e8-b467-0ed5f89f717g;14.09.2018 09:20;FALSE;FALSE;FALSE;TRUE;FALSE;FALSE;FALSE;FALSE;FALSE;FALSE;FALSE;TRUE;FALSE;FALSE
76d2766d-fc81-4515-93c5-db911fc7d8aa;trashpoint;2-80dbe4ddb7d84428b667e85146628af5;Tambon Bang Yo, Soi Wat Bang Krachao Klang;handful;TH;;;,plastic;1;14.09.2018 09:21;08766c29-29a2-4919-918b-cc77f64cbb73;;FALSE;13.6886955365;100.558473207;Tambon Bang Yo, Soi Wat Bang Krachao Klang;household;regular;3b61c81a-2b8e-11e8-b467-0ed5f89f717g;14.09.2018 09:21;FALSE;FALSE;FALSE;TRUE;FALSE;FALSE;FALSE;FALSE;FALSE;FALSE;FALSE;TRUE;FALSE;FALSE
70168e4c-1290-4c5c-b97a-acc435c736c9;trashpoint;2-62fd247493b91573ceb3928d85d186db;Tambon Bang Kachao, Soi Wat Rat Rangsan;handful;TH;;;,plastic;1;14.09.2018 09:24;08766c29-29a2-4919-918b-cc77f64cbb73;;FALSE;13.6913720185;100.560056214;Tambon Bang Kachao, Soi Wat Rat Rangsan;household;regular;3b61c81a-2b8e-11e8-b467-0ed5f89f717g;14.09.2018 09:25;FALSE;FALSE;FALSE;TRUE;FALSE;FALSE;FALSE;FALSE;FALSE;FALSE;FALSE;TRUE;FALSE;FALSE
0edd41de-1790-4e00-a3e4-0529c7e24741;trashpoint;2-81af3d87261cb8dfc3e352984d63376a;Tambon Bang Kachao, Soi Wat Rat Rangsan;handful;TH;;;,plastic;1;14.09.2018 09:26;08766c29-29a2-4919-918b-cc77f64cbb73;;FALSE;13.6889925;100.5605225;Tambon Bang Kachao, Soi Wat Rat Rangsan;household;regular;;14.09.2018 09:27;FALSE;FALSE;FALSE;TRUE;FALSE;FALSE;FALSE;FALSE;FALSE;FALSE;FALSE;TRUE;FALSE;FALSE
25199a4c-99ce-4671-a6f4-801f7bc068e7;trashpoint;2-4e5108a6f7178cf4ba6f14fbec0b31c9;Tambon Bang Kachao, Soi Wat Rat Rangsan, 73;handful;TH;;;,plastic;1;14.09.2018 09:27;08766c29-29a2-4919-918b-cc77f64cbb73;;FALSE;13.6946838706;100.560534933;Tambon Bang Kachao, Soi Wat Rat Rangsan, 73;household;regular;3b61c81a-2b8e-11e8-b467-0ed5f89f717g;14.09.2018 09:27;FALSE;FALSE;FALSE;TRUE;FALSE;FALSE;FALSE;FALSE;FALSE;FALSE;FALSE;TRUE;FALSE;FALSE
16cb5482-3a60-4d00-9768-a30ebb60f009;trashpoint;2-fa63c5b1b03ff76a8e6fc8096494a15a;Tambon Bang Kachao, Sri Nakhon Khuean Khan;handful;TH;;;,plastic;1;14.09.2018 09:36;08766c29-29a2-4919-918b-cc77f64cbb73;;FALSE;13.6983381;100.5653019;Tambon Bang Kachao, Sri Nakhon Khuean Khan;household;regular;;14.09.2018 09:36;FALSE;FALSE;FALSE;TRUE;FALSE;FALSE;FALSE;FALSE;FALSE;FALSE;FALSE;TRUE;FALSE;FALSE
8f899223-b83f-4e09-9457-2f2f63da7bb6;trashpoint;2-99515bb8d585f7ace1b9b3e0833ea8d8;Tambon Bang Kachao, Sri Nakhon Khuean Khan;handful;TH;;;,plastic;1;14.09.2018 09:38;08766c29-29a2-4919-918b-cc77f64cbb73;;FALSE;13.6998468;100.5655502;Tambon Bang Kachao, Sri Nakhon Khuean Khan;household;regular;;14.09.2018 09:38;FALSE;FALSE;FALSE;TRUE;FALSE;FALSE;FALSE;FALSE;FALSE;FALSE;FALSE;TRUE;FALSE;FALSE
0e8078cf-b09c-4c45-ba7b-62f4024e488c;trashpoint;2-dcabbf9f55b983fc86f13076c395008b;Tambon Bang Kachao, Unnamed Road;handful;TH;;;,plastic;1;14.09.2018 09:39;08766c29-29a2-4919-918b-cc77f64cbb73;;FALSE;13.6998363864;100.565827347;Tambon Bang Kachao, Unnamed Road;non-household;regular;3b61c81a-2b8e-11e8-b467-0ed5f89f717g;14.09.2018 09:39;FALSE;FALSE;FALSE;TRUE;FALSE;FALSE;FALSE;FALSE;FALSE;FALSE;FALSE;TRUE;TRUE;FALSE
ad69fef2-f3e9-4459-8610-8857c5db2bdb;trashpoint;1-995aabc5c9a3fa99659dbc2ae6d0bfa4;Tambon Bang Kachao, Rural Road Nonthaburi 6024;handful;TH;;;,plastic;1;14.09.2018 09:41;08766c29-29a2-4919-918b-cc77f64cbb73;;FALSE;13.6988332;100.5679284;Tambon Bang Kachao, Rural Road Nonthaburi 6024;household;regular;;14.09.2018 09:41;FALSE;FALSE;FALSE;TRUE;FALSE;FALSE;FALSE;FALSE;FALSE;FALSE;FALSE;TRUE;FALSE;FALSE
95583bc6-92a2-4e2f-811f-e440101e4e23;trashpoint;2-0e5fa4af74cbbd865738cf4f0bb63300;Bang Kachao;handful;TH;;;,plastic;1;14.09.2018 09:42;08766c29-29a2-4919-918b-cc77f64cbb73;;FALSE;13.6977854564;100.569362958;Bang Kachao;household;regular;3b61c81a-2b8e-11e8-b467-0ed5f89f717g;14.09.2018 09:42;FALSE;FALSE;FALSE;TRUE;FALSE;FALSE;FALSE;FALSE;FALSE;FALSE;FALSE;TRUE;FALSE;FALSE
0fcb76d1-25fe-4ad0-be2d-32c177f460e1;trashpoint;2-0346170095eeb57b2177a777567dfdfd;Tambon Bang Kachao, Soi Petchahueng57;handful;TH;;;,plastic;1;14.09.2018 09:45;08766c29-29a2-4919-918b-cc77f64cbb73;;FALSE;13.6987399;100.5719787;Tambon Bang Kachao, Soi Petchahueng57;construction and demolition;regular;;14.09.2018 09:45;FALSE;FALSE;FALSE;TRUE;FALSE;FALSE;FALSE;FALSE;FALSE;FALSE;FALSE;FALSE;FALSE;TRUE
ad907da9-1530-409c-81a6-b8c9c8535022;trashpoint;2-bed5d9f77b47080501958044ee2d5040;Tambon Bang Kachao, Soi Wat Rat Rangsan 3;handful;TH;;;,plastic;1;14.09.2018 09:46;08766c29-29a2-4919-918b-cc77f64cbb73;;FALSE;13.6948528023;100.571064263;Tambon Bang Kachao, Soi Wat Rat Rangsan 3;household;regular;3b61c81a-2b8e-11e8-b467-0ed5f89f717g;14.09.2018 09:46;FALSE;FALSE;FALSE;TRUE;FALSE;FALSE;FALSE;FALSE;FALSE;FALSE;FALSE;TRUE;FALSE;FALSE
42de3fb3-c7e1-458d-b004-15bbb375a721;trashpoint;2-ec13be031d8b12de6cfd5160af70b162;Tambon Bang Kachao, Soi Wat Rat Rangsan 1;handful;TH;;;,other;1;14.09.2018 09:48;08766c29-29a2-4919-918b-cc77f64cbb73;;FALSE;13.6892903;100.5681155;Tambon Bang Kachao, Soi Wat Rat Rangsan 1;household;regular;;14.09.2018 09:48;FALSE;FALSE;FALSE;FALSE;FALSE;FALSE;FALSE;FALSE;FALSE;FALSE;FALSE;TRUE;FALSE;FALSE
3cf9c3f3-25e1-4212-b7fb-88dec04bce0d;trashpoint;2-287d68920b1400be669d4230625cc78a;Tambon Bang Kachao, Soi Wat Rat Rangsan 1;handful;TH;;;,plastic;1;14.09.2018 09:49;08766c29-29a2-4919-918b-cc77f64cbb73;;FALSE;13.6882689705;100.567001298;Tambon Bang Kachao, Soi Wat Rat Rangsan 1;household;regular;3b61c81a-2b8e-11e8-b467-0ed5f89f717g;14.09.2018 09:49;FALSE;FALSE;FALSE;TRUE;FALSE;FALSE;FALSE;FALSE;FALSE;FALSE;FALSE;TRUE;FALSE;FALSE
0beb1f6a-025d-47db-b198-aeccef4dff83;trashpoint;2-780c8f77a6ee5dc4377baedbf232b995;Tambon Bang Muang, 41/1;handful;TH;;;,plastic;1;14.09.2018 09:49;08766c29-29a2-4919-918b-cc77f64cbb73;;FALSE;13.8460993;100.416485;Tambon Bang Muang, 41/1;household;regular;;14.09.2018 09:49;FALSE;FALSE;FALSE;TRUE;FALSE;FALSE;FALSE;FALSE;FALSE;FALSE;FALSE;TRUE;FALSE;FALSE
16c82537-4793-4f6d-ac15-a1cfbdcee6bc;trashpoint;3-5d4bcf9dbb2b707675de3b61e53a083b;Wrocław, Główna, 150;truckload;PL;;;,rubber/tyres,textiles/shoes/carpets,biological/paper/wood,metal,plastic,glass;1;14.09.2018 10:01;08766c29-29a2-4919-918b-cc77f64cbb73;#KiloutouWroclaw;TRUE;51.1670105;16.8925167;Wrocław, Główna, 150;household,non-household,;threat;;14.09.2018 10:27;TRUE;FALSE;FALSE;TRUE;TRUE;TRUE;TRUE;TRUE;FALSE;FALSE;FALSE;TRUE;TRUE;FALSE
68dc5645-d20a-4722-b447-255f44eea084;trashpoint;2-8646938c39c0b90960a11f8ff401d25b;, Mehmet Akif Ersoy Blv., 24;handful;TR;;;other,car parts/vehicles,toxic/chemicals,electronics,rubber/tyres,textiles/shoes/carpets,biological/paper/wood,plastic,ceramic/bricks,glass;1;14.09.2018 10:10;08766c29-29a2-4919-918b-cc77f64cbb73;;FALSE;40.7318357154;31.5887307844;, Mehmet Akif Ersoy Blv., 24;household,non-household,construction and demolition;regular;;14.09.2018 10:10;TRUE;TRUE;TRUE;TRUE;FALSE;TRUE;TRUE;TRUE;TRUE;TRUE;TRUE;TRUE;TRUE;TRUE
3bdd4091-274e-4f45-9594-35c7afb2513d;trashpoint;2-770afbc4177641a2e188c6576f6b135a;44.481° N, 26.169° E;handful;RO;RO.BI;;,other,textiles/shoes/carpets,biological/paper/wood,plastic;1;14.09.2018 10:49;08766c29-29a2-4919-918b-cc77f64cbb73;;FALSE;44.4805008;26.1688519;44.481° N,     26.169° E;household;threat;;14.09.2018 10:49;FALSE;FALSE;FALSE;TRUE;FALSE;TRUE;TRUE;FALSE;FALSE;FALSE;FALSE;TRUE;FALSE;FALSE
c90a68d1-c15f-41f9-9885-00ec20cf0e45;trashpoint;2-7418eddd22771bd16c55d7027a746270;51.166° N, 16.896° E;truckload;PL;;;,rubber/tyres,textiles/shoes/carpets,biological/paper/wood,metal,plastic,glass;1;14.09.2018 10:53;08766c29-29a2-4919-918b-cc77f64cbb73;;FALSE;51.1660253;16.8959701;51.166° N,     16.896° E;household,non-household,;regular;;14.09.2018 10:53;TRUE;FALSE;FALSE;TRUE;TRUE;TRUE;TRUE;TRUE;FALSE;FALSE;FALSE;TRUE;TRUE;FALSE
bb1e2c91-7bd5-43b7-ac28-ff3a73c4e6a5;trashpoint;2-3f9a6486f07efb80623f81f9f5bb9fdc;51.182° N, 16.874° E;truckload;PL;;;,other,rubber/tyres,textiles/shoes/carpets,biological/paper/wood,metal,plastic,glass;1;14.09.2018 11:04;08766c29-29a2-4919-918b-cc77f64cbb73;#KiloutouWrocaw;FALSE;51.1817739;16.8736734;51.182° N,     16.874° E;household,non-household,;threat;;14.09.2018 11:04;TRUE;FALSE;FALSE;TRUE;TRUE;TRUE;TRUE;TRUE;FALSE;FALSE;FALSE;TRUE;TRUE;FALSE
b9d920be-c067-4ad9-9d90-3f5e0bfde0c0;trashpoint;2-fbf9b84a256ee0ed58722eff709de1b6;55.024° N, 73.263° E;handful;RU;;;other,toxic/chemicals,electronics,rubber/tyres,textiles/shoes/carpets,biological/paper/wood,metal,plastic,ceramic/bricks,glass;1;14.09.2018 11:15;08766c29-29a2-4919-918b-cc77f64cbb73;;FALSE;55.0237975623;73.2626710832;55.024° N,     73.263° E;household,non-household,construction and demolition;regular;;14.09.2018 11:15;TRUE;TRUE;TRUE;TRUE;TRUE;TRUE;TRUE;TRUE;TRUE;TRUE;FALSE;TRUE;TRUE;TRUE
14e1f92b-5f53-42ee-afca-6c75c3abc889;trashpoint;2-9fa57d8e68e272b0e8bb86e81890911c;31.256° N, 35.214° E;bagful;IL;;;,plastic;1;14.09.2018 11:48;08766c29-29a2-4919-918b-cc77f64cbb73;,#cans,#Cans,#Bottlebags;FALSE;31.2556567;35.2139882;31.256° N,     35.214° E;non-household;threat;;14.09.2018 11:48;FALSE;FALSE;FALSE;TRUE;FALSE;FALSE;FALSE;FALSE;FALSE;FALSE;FALSE;TRUE;TRUE;FALSE
